family,chart,start_id,backend,source_status,selected_status,fits
weak,marker,api_default,singular_convergence,available,passed,2
weak,sphere,api_default,singular_convergence,available,passed,2
weak,sphere,shared_default,converged,available,passed,1
weak,marker,layered,budget_exhausted,nonpositive_curvature,failed,2
weak,sphere,layered,singular_convergence,available,failed,2
weak,marker,signed_1_1,budget_exhausted,nonpositive_curvature,failed,2
weak,sphere,signed_1_1,singular_convergence,available,failed,2
weak,marker,signed_1_-1,singular_convergence,available,failed,1
weak,sphere,signed_1_-1,converged,available,passed,1
weak,marker,signed_-1_1,budget_exhausted,nonpositive_curvature,failed,4
weak,sphere,signed_-1_1,singular_convergence,available,failed,4
weak,marker,signed_-1_-1,budget_exhausted,nonpositive_curvature,failed,5
weak,sphere,signed_-1_-1,singular_convergence,available,failed,5
weak,marker,api_default,budget_exhausted,nonpositive_curvature,failed,2
weak,sphere,api_default,singular_convergence,available,failed,2
weak,sphere,shared_default,singular_convergence,available,failed,2
weak,marker,layered,singular_convergence,available,passed,2
weak,sphere,layered,singular_convergence,available,passed,3
weak,marker,signed_1_1,singular_convergence,available,passed,2
weak,sphere,signed_1_1,singular_convergence,available,passed,3
weak,marker,signed_1_-1,budget_exhausted,nonpositive_curvature,failed,4
weak,sphere,signed_1_-1,singular_convergence,available,failed,4
weak,marker,signed_-1_1,singular_convergence,available,passed,1
weak,sphere,signed_-1_1,singular_convergence,available,passed,1
weak,sphere,api_default,converged,available,passed,1
weak,sphere,shared_default,singular_convergence,available,passed,2
weak,marker,api_default,singular_convergence,available,failed,1
weak,marker,layered,singular_convergence,available,failed,1
weak,marker,signed_1_1,singular_convergence,available,failed,1
mixed,marker,api_default,budget_exhausted,nonpositive_curvature,failed,3
mixed,sphere,api_default,singular_convergence,ill_conditioned,unchecked,2
mixed,sphere,shared_default,singular_convergence,ill_conditioned,unchecked,1
mixed,marker,layered,budget_exhausted,nonpositive_curvature,failed,3
mixed,sphere,layered,singular_convergence,ill_conditioned,unchecked,2
mixed,marker,signed_1_1,budget_exhausted,nonpositive_curvature,failed,3
mixed,sphere,signed_1_1,singular_convergence,ill_conditioned,unchecked,2
mixed,marker,signed_1_-1,budget_exhausted,nonpositive_curvature,failed,3
mixed,sphere,signed_1_-1,singular_convergence,available,unchecked,1
mixed,marker,signed_-1_1,converged,available,passed,2
mixed,sphere,signed_-1_1,converged,available,passed,2
mixed,marker,signed_-1_-1,budget_exhausted,nonpositive_curvature,failed,4
mixed,sphere,signed_-1_-1,singular_convergence,available,unchecked,1
mixed,sphere,shared_default,singular_convergence,available,failed,2
mixed,sphere,signed_1_-1,singular_convergence,ill_conditioned,unchecked,1
mixed,marker,signed_-1_-1,singular_convergence,available,failed,1
mixed,sphere,signed_-1_-1,converged,available,passed,1
mixed,marker,api_default,converged,available,passed,1
mixed,sphere,api_default,converged,available,passed,2
mixed,sphere,shared_default,converged,available,passed,1
mixed,marker,layered,singular_convergence,available,passed,2
mixed,sphere,layered,converged,available,passed,2
mixed,marker,signed_1_1,converged,available,passed,1
mixed,sphere,signed_1_1,converged,available,passed,2
mixed,marker,signed_1_-1,singular_convergence,available,failed,1
mixed,sphere,signed_1_-1,converged,available,passed,2
mixed,marker,signed_-1_1,budget_exhausted,nonpositive_curvature,failed,3
mixed,sphere,signed_-1_1,singular_convergence,ill_conditioned,unchecked,3
mixed,sphere,signed_-1_-1,singular_convergence,ill_conditioned,unchecked,3
mixed,marker,api_default,singular_convergence,available,passed,1
mixed,sphere,api_default,singular_convergence,available,passed,1
mixed,sphere,shared_default,singular_convergence,available,passed,1
mixed,sphere,layered,singular_convergence,available,passed,1
mixed,marker,signed_1_1,singular_convergence,available,passed,1
mixed,sphere,signed_1_1,singular_convergence,available,passed,1
mixed,sphere,signed_1_-1,singular_convergence,available,passed,1
mixed,marker,signed_1_-1,converged,available,passed,1
