"key","draw","seed","n","moment","value","opg_weight"
"2_5_skewed_chisq2_TRUE",1,617320001,1000000,1,0.111709180424331,0.633738548126924
"2_5_skewed_chisq2_TRUE",1,617320001,1000000,2,0.70656314294277,0.529763627997014
"2_5_skewed_chisq2_TRUE",1,617320001,1000000,3,1.08812937014867,0.408797133527459
"2_5_skewed_chisq2_TRUE",1,617320001,1000000,4,1.47890390487938,0.275911140455444
"2_5_skewed_chisq2_TRUE",1,617320001,1000000,5,0.110438022469831,0.633803623372931
"2_5_skewed_chisq2_TRUE",1,617320001,1000000,6,0.703083041159911,0.530732767993644
"2_5_skewed_chisq2_TRUE",1,617320001,1000000,7,1.08296490777896,0.410561743273061
"2_5_skewed_chisq2_TRUE",1,617320001,1000000,8,1.47327833677159,0.277745838690293
"2_5_skewed_chisq2_TRUE",1,617320001,1000000,9,0.109328427349414,0.633859823452301
"2_5_skewed_chisq2_TRUE",1,617320001,1000000,10,0.704662971279915,0.530293190316139
"2_5_skewed_chisq2_TRUE",1,617320001,1000000,11,1.08588019638628,0.409565837870341
"2_5_skewed_chisq2_TRUE",1,617320001,1000000,12,1.47749872590951,0.276369032848529
"2_5_skewed_chisq2_TRUE",1,617320001,1000000,13,0.113356405844297,0.63365312146067
"2_5_skewed_chisq2_TRUE",1,617320001,1000000,14,0.709474613056157,0.528950357443053
"2_5_skewed_chisq2_TRUE",1,617320001,1000000,15,1.08711497726936,0.409143862133932
"2_5_skewed_chisq2_TRUE",1,617320001,1000000,16,1.47468221573546,0.277287598522318
"2_5_skewed_chisq2_TRUE",1,617320001,1000000,17,0.111567931775054,0.633745815659925
"2_5_skewed_chisq2_TRUE",1,617320001,1000000,18,0.704589073583517,0.530313765493039
"2_5_skewed_chisq2_TRUE",1,617320001,1000000,19,1.08496309816953,0.409879188401526
"2_5_skewed_chisq2_TRUE",1,617320001,1000000,20,1.4756048604899,0.276986577074382
"2_5_skewed_chisq2_TRUE",1,617320001,1000000,21,0.110680133973979,0.633791285771379
"2_5_skewed_chisq2_TRUE",1,617320001,1000000,22,0.703680125293535,0.530566722336758
"2_5_skewed_chisq2_TRUE",1,617320001,1000000,23,1.08377178201199,0.410286155648339
"2_5_skewed_chisq2_TRUE",1,617320001,1000000,24,1.47373854840981,0.277595592919038
"2_5_skewed_chisq2_TRUE",1,617320001,1000000,25,0.0693060627645819,0.635509422741867
"2_5_skewed_chisq2_TRUE",1,617320001,1000000,26,0.67099141284648,0.539513686472803
"2_5_skewed_chisq2_TRUE",1,617320001,1000000,27,1.07030065544746,0.414881708422765
"2_5_skewed_chisq2_TRUE",1,617320001,1000000,28,1.48626137287999,0.273517888863387
"2_5_skewed_chisq2_TRUE",1,617320001,1000000,29,0.0956104063950153,0.634508059384991
"2_5_skewed_chisq2_TRUE",1,617320001,1000000,30,0.695736280768465,0.532767990921685
"2_5_skewed_chisq2_TRUE",1,617320001,1000000,31,1.08162318167931,0.411019919341894
"2_5_skewed_chisq2_TRUE",1,617320001,1000000,32,1.47951771772186,0.275711204348416
"2_5_skewed_chisq2_TRUE",1,617320001,1000000,33,0.0949380921881317,0.634537611850144
"2_5_skewed_chisq2_TRUE",1,617320001,1000000,34,0.694976545926248,0.532977620264652
"2_5_skewed_chisq2_TRUE",1,617320001,1000000,35,1.08295589640708,0.410564820875396
"2_5_skewed_chisq2_TRUE",1,617320001,1000000,36,1.47930057386643,0.275781928549901
"2_5_skewed_chisq2_TRUE",1,617320001,1000000,37,0.095106796202587,0.634530215729435
"2_5_skewed_chisq2_TRUE",1,617320001,1000000,38,0.69687344111752,0.532453927193418
"2_5_skewed_chisq2_TRUE",1,617320001,1000000,39,1.08615143481953,0.409473152373464
"2_5_skewed_chisq2_TRUE",1,617320001,1000000,40,1.48049947933752,0.275391520028551
"2_5_skewed_chisq2_TRUE",1,617320001,1000000,41,0.0947316222947989,0.634546645888126
"2_5_skewed_chisq2_TRUE",1,617320001,1000000,42,0.695455323637207,0.532845532154048
"2_5_skewed_chisq2_TRUE",1,617320001,1000000,43,1.08156919321872,0.411038353091275
"2_5_skewed_chisq2_TRUE",1,617320001,1000000,44,1.47999717876611,0.275555064867364
"2_5_skewed_chisq2_TRUE",1,617320001,1000000,45,0.094897805062146,0.634539376138988
"2_5_skewed_chisq2_TRUE",1,617320001,1000000,46,0.69532124981275,0.532882527552514
"2_5_skewed_chisq2_TRUE",1,617320001,1000000,47,1.08351927625935,0.410372403251058
"2_5_skewed_chisq2_TRUE",1,617320001,1000000,48,1.48289616852881,0.274611637303332
"2_5_skewed_chisq2_TRUE",1,617320001,1000000,49,0.501923832940853,1.07646110237942
"2_5_skewed_chisq2_TRUE",1,617320001,1000000,50,0.530214592809292,1.16071761425724
"2_5_skewed_chisq2_TRUE",1,617320001,1000000,51,0.560062947716781,1.25863694675674
"2_5_skewed_chisq2_TRUE",1,617320001,1000000,52,0.502840965847679,1.07955541715813
"2_5_skewed_chisq2_TRUE",1,617320001,1000000,53,0.531774274601593,1.16395943577554
"2_5_skewed_chisq2_TRUE",1,617320001,1000000,54,0.35396766967417,0.791338336857171
"2_5_skewed_chisq2_TRUE",1,617320001,1000000,55,0.146871072358263,0.619207502994011
"2_5_skewed_chisq2_TRUE",1,617320001,1000000,56,0.158233145104744,0.624343129834855
"2_5_skewed_chisq2_TRUE",1,617320001,1000000,57,0.169240165877587,0.628126389187791
"2_5_skewed_chisq2_TRUE",1,617320001,1000000,58,0.145891550912663,0.617978869834378
"2_5_skewed_chisq2_TRUE",1,617320001,1000000,59,0.157510459790062,0.622868604475592
"2_5_skewed_chisq2_TRUE",1,617320001,1000000,60,0.56673633582196,1.29271279351121
"2_5_skewed_chisq2_TRUE",1,617320001,1000000,61,0.596897046676798,1.41912931414771
"2_5_skewed_chisq2_TRUE",1,617320001,1000000,62,0.535126143124778,1.17816847577084
"2_5_skewed_chisq2_TRUE",1,617320001,1000000,63,0.565912490611097,1.28891000139005
"2_5_skewed_chisq2_TRUE",1,617320001,1000000,64,0.375404890678177,0.817965047007218
"2_5_skewed_chisq2_TRUE",1,617320001,1000000,65,0.155610327774391,0.622291580545348
"2_5_skewed_chisq2_TRUE",1,617320001,1000000,66,0.167891854734479,0.62768088041297
"2_5_skewed_chisq2_TRUE",1,617320001,1000000,67,0.180145623109162,0.63214229705568
"2_5_skewed_chisq2_TRUE",1,617320001,1000000,68,0.154791015910052,0.621363560638291
"2_5_skewed_chisq2_TRUE",1,617320001,1000000,69,0.167060347202741,0.627139571385066
"2_5_skewed_chisq2_TRUE",1,617320001,1000000,70,0.633163716871653,1.62153535410904
"2_5_skewed_chisq2_TRUE",1,617320001,1000000,71,0.565893438150247,1.28746675636327
"2_5_skewed_chisq2_TRUE",1,617320001,1000000,72,0.598556826633525,1.43376160941781
"2_5_skewed_chisq2_TRUE",1,617320001,1000000,73,0.397814957447316,0.843375227193331
"2_5_skewed_chisq2_TRUE",1,617320001,1000000,74,0.165016985602119,0.625744935618914
"2_5_skewed_chisq2_TRUE",1,617320001,1000000,75,0.178031953551429,0.6320028025574
"2_5_skewed_chisq2_TRUE",1,617320001,1000000,76,0.190934924298235,0.637861662412794
"2_5_skewed_chisq2_TRUE",1,617320001,1000000,77,0.165020624242212,0.626039964395
"2_5_skewed_chisq2_TRUE",1,617320001,1000000,78,0.176369039340075,0.630440382451318
"2_5_skewed_chisq2_TRUE",1,617320001,1000000,79,0.596837633976094,1.41787270643932
"2_5_skewed_chisq2_TRUE",1,617320001,1000000,80,0.633748448923763,1.62579487978642
"2_5_skewed_chisq2_TRUE",1,617320001,1000000,81,0.419113929118279,0.872727790042262
"2_5_skewed_chisq2_TRUE",1,617320001,1000000,82,0.174886288772981,0.629032330966765
"2_5_skewed_chisq2_TRUE",1,617320001,1000000,83,0.188393158651433,0.63520988758976
"2_5_skewed_chisq2_TRUE",1,617320001,1000000,84,0.20173593190061,0.64201264330805
"2_5_skewed_chisq2_TRUE",1,617320001,1000000,85,0.173097434443696,0.628293969658222
"2_5_skewed_chisq2_TRUE",1,617320001,1000000,86,0.185859925813847,0.634461277139888
"2_5_skewed_chisq2_TRUE",1,617320001,1000000,87,0.566539113483858,1.29007623906718
"2_5_skewed_chisq2_TRUE",1,617320001,1000000,88,0.37605052018687,0.818232801040564
"2_5_skewed_chisq2_TRUE",1,617320001,1000000,89,0.156678805037765,0.623232564959929
"2_5_skewed_chisq2_TRUE",1,617320001,1000000,90,0.167412515143177,0.62759460787769
"2_5_skewed_chisq2_TRUE",1,617320001,1000000,91,0.180920545471355,0.633342586207899
"2_5_skewed_chisq2_TRUE",1,617320001,1000000,92,0.155458762930915,0.622830030187194
"2_5_skewed_chisq2_TRUE",1,617320001,1000000,93,0.166066294026528,0.627435017338453
"2_5_skewed_chisq2_TRUE",1,617320001,1000000,94,0.39679271098067,0.842663388269183
"2_5_skewed_chisq2_TRUE",1,617320001,1000000,95,0.164419446838496,0.626219227625152
"2_5_skewed_chisq2_TRUE",1,617320001,1000000,96,0.177203369928409,0.631475521885693
"2_5_skewed_chisq2_TRUE",1,617320001,1000000,97,0.189760847463433,0.636436313070005
"2_5_skewed_chisq2_TRUE",1,617320001,1000000,98,0.16390090190326,0.624789775866332
"2_5_skewed_chisq2_TRUE",1,617320001,1000000,99,0.176151546716427,0.63048207502733
"2_5_skewed_chisq2_TRUE",1,617320001,1000000,100,0.553551433785472,1.2431369081074
"2_5_skewed_chisq2_TRUE",1,617320001,1000000,101,0.586536175693891,1.37138908742837
"2_5_skewed_chisq2_TRUE",1,617320001,1000000,102,0.62040300362688,1.5273409630169
"2_5_skewed_chisq2_TRUE",1,617320001,1000000,103,0.552057279847071,1.23686286636214
"2_5_skewed_chisq2_TRUE",1,617320001,1000000,104,0.586198365521844,1.36838339246434
"2_5_skewed_chisq2_TRUE",1,617320001,1000000,105,0.566128868778876,1.30778206787922
"2_5_skewed_chisq2_TRUE",1,617320001,1000000,106,0.596977760824959,1.4424856181941
"2_5_skewed_chisq2_TRUE",1,617320001,1000000,107,0.534946846598556,1.19240748118076
"2_5_skewed_chisq2_TRUE",1,617320001,1000000,108,0.566903631021273,1.31198484545166
"2_5_skewed_chisq2_TRUE",1,617320001,1000000,109,0.633659192073841,1.65253236464605
"2_5_skewed_chisq2_TRUE",1,617320001,1000000,110,0.565721023545208,1.30786264144995
"2_5_skewed_chisq2_TRUE",1,617320001,1000000,111,0.600427596573637,1.46571223175211
"2_5_skewed_chisq2_TRUE",1,617320001,1000000,112,0.597369179385414,1.44735103303692
"2_5_skewed_chisq2_TRUE",1,617320001,1000000,113,0.634556549131879,1.66021047550887
"2_5_skewed_chisq2_TRUE",1,617320001,1000000,114,0.565472296756062,1.30562630683405
"2_5_skewed_chisq2_TRUE",2,1117320001,1000000,1,0.113041063375655,0.633669571431711
"2_5_skewed_chisq2_TRUE",2,1117320001,1000000,2,0.706643578674631,0.529741189939296
"2_5_skewed_chisq2_TRUE",2,1117320001,1000000,3,1.08409202261099,0.410176766388234
"2_5_skewed_chisq2_TRUE",2,1117320001,1000000,4,1.47436255930228,0.277391915164403
"2_5_skewed_chisq2_TRUE",2,1117320001,1000000,5,0.111429207589711,0.63375294442335
"2_5_skewed_chisq2_TRUE",2,1117320001,1000000,6,0.703628753357538,0.530581012337636
"2_5_skewed_chisq2_TRUE",2,1117320001,1000000,7,1.08437176029076,0.410081207120301
"2_5_skewed_chisq2_TRUE",2,1117320001,1000000,8,1.47299642573306,0.277837887983032
"2_5_skewed_chisq2_TRUE",2,1117320001,1000000,9,0.108443369634543,0.633904247049014
"2_5_skewed_chisq2_TRUE",2,1117320001,1000000,10,0.70314081253848,0.530716706287864
"2_5_skewed_chisq2_TRUE",2,1117320001,1000000,11,1.08461547194271,0.409997950527692
"2_5_skewed_chisq2_TRUE",2,1117320001,1000000,12,1.47667789773605,0.276636627872347
"2_5_skewed_chisq2_TRUE",2,1117320001,1000000,13,0.114446316417852,0.633595915763168
"2_5_skewed_chisq2_TRUE",2,1117320001,1000000,14,0.709410134994373,0.528968392712804
"2_5_skewed_chisq2_TRUE",2,1117320001,1000000,15,1.0893081963034,0.408394123258119
"2_5_skewed_chisq2_TRUE",2,1117320001,1000000,16,1.47588040924898,0.276896698168026
"2_5_skewed_chisq2_TRUE",2,1117320001,1000000,17,0.110808758348559,0.633784720380397
"2_5_skewed_chisq2_TRUE",2,1117320001,1000000,18,0.7036929685677,0.530563149645234
"2_5_skewed_chisq2_TRUE",2,1117320001,1000000,19,1.08431309858547,0.410101246542376
"2_5_skewed_chisq2_TRUE",2,1117320001,1000000,20,1.47436255930228,0.277391915164405
"2_5_skewed_chisq2_TRUE",2,1117320001,1000000,21,0.110849111471213,0.63378265907119
"2_5_skewed_chisq2_TRUE",2,1117320001,1000000,22,0.702710792989794,0.530836239622894
"2_5_skewed_chisq2_TRUE",2,1117320001,1000000,23,1.08340206492583,0.410412437416724
"2_5_skewed_chisq2_TRUE",2,1117320001,1000000,24,1.47215880222389,0.27811144834924
"2_5_skewed_chisq2_TRUE",2,1117320001,1000000,25,0.069127665319479,0.635515127342696
"2_5_skewed_chisq2_TRUE",2,1117320001,1000000,26,0.674064984282279,0.53868511884697
"2_5_skewed_chisq2_TRUE",2,1117320001,1000000,27,1.07058515896546,0.414784777989135
"2_5_skewed_chisq2_TRUE",2,1117320001,1000000,28,1.48481816148584,0.273986771825577
"2_5_skewed_chisq2_TRUE",2,1117320001,1000000,29,0.0963482391497609,0.634475388320482
"2_5_skewed_chisq2_TRUE",2,1117320001,1000000,30,0.697170656743,0.532371783525687
"2_5_skewed_chisq2_TRUE",2,1117320001,1000000,31,1.08299644827309,0.410550971388444
"2_5_skewed_chisq2_TRUE",2,1117320001,1000000,32,1.48030451238024,0.27545499567981
"2_5_skewed_chisq2_TRUE",2,1117320001,1000000,33,0.0940291512636272,0.634577235851553
"2_5_skewed_chisq2_TRUE",2,1117320001,1000000,34,0.695155270964139,0.532928319818269
"2_5_skewed_chisq2_TRUE",2,1117320001,1000000,35,1.08137126249575,0.411105932723789
"2_5_skewed_chisq2_TRUE",2,1117320001,1000000,36,1.47854485819245,0.276028114994448
"2_5_skewed_chisq2_TRUE",2,1117320001,1000000,37,0.0943791220489744,0.634562024246058
"2_5_skewed_chisq2_TRUE",2,1117320001,1000000,38,0.695219106716237,0.53291070892187
"2_5_skewed_chisq2_TRUE",2,1117320001,1000000,39,1.08296941349788,0.410560204458721
"2_5_skewed_chisq2_TRUE",2,1117320001,1000000,40,1.48192594920429,0.27492725507218
"2_5_skewed_chisq2_TRUE",2,1117320001,1000000,41,0.0972599002247506,0.634434675310195
"2_5_skewed_chisq2_TRUE",2,1117320001,1000000,42,0.697950741226818,0.532156071802224
"2_5_skewed_chisq2_TRUE",2,1117320001,1000000,43,1.08506244403321,0.409845246776195
"2_5_skewed_chisq2_TRUE",2,1117320001,1000000,44,1.48070950670925,0.275323146748287
"2_5_skewed_chisq2_TRUE",2,1117320001,1000000,45,0.0947920520890772,0.634544003822262
"2_5_skewed_chisq2_TRUE",2,1117320001,1000000,46,0.694252298451271,0.533177311310123
"2_5_skewed_chisq2_TRUE",2,1117320001,1000000,47,1.08187516952493,0.410933878510125
"2_5_skewed_chisq2_TRUE",2,1117320001,1000000,48,1.47996720248237,0.275564825944339
"2_5_skewed_chisq2_TRUE",2,1117320001,1000000,49,0.502572992227682,1.07750484077988
"2_5_skewed_chisq2_TRUE",2,1117320001,1000000,50,0.530482599489013,1.15772401910302
"2_5_skewed_chisq2_TRUE",2,1117320001,1000000,51,0.559007676472886,1.25182285926825
"2_5_skewed_chisq2_TRUE",2,1117320001,1000000,52,0.502890183377357,1.0774370210217
"2_5_skewed_chisq2_TRUE",2,1117320001,1000000,53,0.530687002744664,1.15880706059303
"2_5_skewed_chisq2_TRUE",2,1117320001,1000000,54,0.354527288685032,0.792530179242773
"2_5_skewed_chisq2_TRUE",2,1117320001,1000000,55,0.148509269343524,0.61924406504026
"2_5_skewed_chisq2_TRUE",2,1117320001,1000000,56,0.159456247639051,0.624488861867245
"2_5_skewed_chisq2_TRUE",2,1117320001,1000000,57,0.170791190281765,0.629367881787833
"2_5_skewed_chisq2_TRUE",2,1117320001,1000000,58,0.147175025212758,0.61898786998218
"2_5_skewed_chisq2_TRUE",2,1117320001,1000000,59,0.157531461265818,0.622826757881045
"2_5_skewed_chisq2_TRUE",2,1117320001,1000000,60,0.566632359343991,1.29045560540577
"2_5_skewed_chisq2_TRUE",2,1117320001,1000000,61,0.596406458625862,1.41486416844121
"2_5_skewed_chisq2_TRUE",2,1117320001,1000000,62,0.534740971735061,1.17472205313045
"2_5_skewed_chisq2_TRUE",2,1117320001,1000000,63,0.565913842575701,1.28549682887915
"2_5_skewed_chisq2_TRUE",2,1117320001,1000000,64,0.37785074354874,0.819694263057167
"2_5_skewed_chisq2_TRUE",2,1117320001,1000000,65,0.157034111804873,0.622398174681399
"2_5_skewed_chisq2_TRUE",2,1117320001,1000000,66,0.171206165336051,0.629106633475081
"2_5_skewed_chisq2_TRUE",2,1117320001,1000000,67,0.183095618049746,0.63420300059317
"2_5_skewed_chisq2_TRUE",2,1117320001,1000000,68,0.156751471832926,0.62240130696775
"2_5_skewed_chisq2_TRUE",2,1117320001,1000000,69,0.16877695637901,0.628193935166063
"2_5_skewed_chisq2_TRUE",2,1117320001,1000000,70,0.634680428721899,1.62985063982016
"2_5_skewed_chisq2_TRUE",2,1117320001,1000000,71,0.566054439274803,1.28892777687864
"2_5_skewed_chisq2_TRUE",2,1117320001,1000000,72,0.600825377862608,1.44800114031574
"2_5_skewed_chisq2_TRUE",2,1117320001,1000000,73,0.398850752842926,0.848734394556641
"2_5_skewed_chisq2_TRUE",2,1117320001,1000000,74,0.165990750289436,0.627176227445701
"2_5_skewed_chisq2_TRUE",2,1117320001,1000000,75,0.178493055253605,0.634147373657278
"2_5_skewed_chisq2_TRUE",2,1117320001,1000000,76,0.193066214492913,0.640366782049722
"2_5_skewed_chisq2_TRUE",2,1117320001,1000000,77,0.166335762411001,0.627421678497171
"2_5_skewed_chisq2_TRUE",2,1117320001,1000000,78,0.177729002902178,0.633222105305905
"2_5_skewed_chisq2_TRUE",2,1117320001,1000000,79,0.597781563399427,1.42241147494989
"2_5_skewed_chisq2_TRUE",2,1117320001,1000000,80,0.633841824262443,1.6233091606663
"2_5_skewed_chisq2_TRUE",2,1117320001,1000000,81,0.4209580195182,0.877423319482
"2_5_skewed_chisq2_TRUE",2,1117320001,1000000,82,0.176058948435208,0.629533819565549
"2_5_skewed_chisq2_TRUE",2,1117320001,1000000,83,0.189547640882344,0.636427403599753
"2_5_skewed_chisq2_TRUE",2,1117320001,1000000,84,0.203777677860393,0.643870532456285
"2_5_skewed_chisq2_TRUE",2,1117320001,1000000,85,0.175555019674193,0.629703454342577
"2_5_skewed_chisq2_TRUE",2,1117320001,1000000,86,0.187540517849568,0.63607066268072
"2_5_skewed_chisq2_TRUE",2,1117320001,1000000,87,0.566270052274148,1.28985013370003
"2_5_skewed_chisq2_TRUE",2,1117320001,1000000,88,0.379191295611831,0.822402401254772
"2_5_skewed_chisq2_TRUE",2,1117320001,1000000,89,0.158014178275701,0.622997995996418
"2_5_skewed_chisq2_TRUE",2,1117320001,1000000,90,0.170752714890651,0.62844296189358
"2_5_skewed_chisq2_TRUE",2,1117320001,1000000,91,0.183534864373584,0.634375910926499
"2_5_skewed_chisq2_TRUE",2,1117320001,1000000,92,0.159232000310291,0.622760806911424
"2_5_skewed_chisq2_TRUE",2,1117320001,1000000,93,0.168632665829655,0.627685158447042
"2_5_skewed_chisq2_TRUE",2,1117320001,1000000,94,0.399499819676955,0.847799054561206
"2_5_skewed_chisq2_TRUE",2,1117320001,1000000,95,0.165770374180098,0.626173050857908
"2_5_skewed_chisq2_TRUE",2,1117320001,1000000,96,0.178261124272085,0.633015038149622
"2_5_skewed_chisq2_TRUE",2,1117320001,1000000,97,0.192037590429909,0.639551124315891
"2_5_skewed_chisq2_TRUE",2,1117320001,1000000,98,0.165878887716404,0.626467998345127
"2_5_skewed_chisq2_TRUE",2,1117320001,1000000,99,0.177549602410849,0.631954937166038
"2_5_skewed_chisq2_TRUE",2,1117320001,1000000,100,0.553929640394504,1.24301231452121
"2_5_skewed_chisq2_TRUE",2,1117320001,1000000,101,0.587618199823186,1.37348264247216
"2_5_skewed_chisq2_TRUE",2,1117320001,1000000,102,0.622543927659501,1.53938777396226
"2_5_skewed_chisq2_TRUE",2,1117320001,1000000,103,0.554432877323189,1.24273591490281
"2_5_skewed_chisq2_TRUE",2,1117320001,1000000,104,0.587974079635186,1.37684045035954
"2_5_skewed_chisq2_TRUE",2,1117320001,1000000,105,0.567263233384848,1.31550850123649
"2_5_skewed_chisq2_TRUE",2,1117320001,1000000,106,0.597277855265167,1.44562564762075
"2_5_skewed_chisq2_TRUE",2,1117320001,1000000,107,0.535962154400776,1.19921191606249
"2_5_skewed_chisq2_TRUE",2,1117320001,1000000,108,0.565918261069841,1.30633237538512
"2_5_skewed_chisq2_TRUE",2,1117320001,1000000,109,0.634709447810749,1.65953453878543
"2_5_skewed_chisq2_TRUE",2,1117320001,1000000,110,0.566891547343665,1.30892751719792
"2_5_skewed_chisq2_TRUE",2,1117320001,1000000,111,0.60192898915415,1.47445795799203
"2_5_skewed_chisq2_TRUE",2,1117320001,1000000,112,0.596998997631929,1.44061232793345
"2_5_skewed_chisq2_TRUE",2,1117320001,1000000,113,0.633334388850062,1.65147296538869
"2_5_skewed_chisq2_TRUE",2,1117320001,1000000,114,0.567606364923004,1.31273893448088
