case_id,lhs,op,rhs,est
1,X,=~,x1,1.0
1,X,=~,x2,8918.28633436096483348510351461521233304571013810800477821214
1,X,=~,x3,124.275435497825442921843506259907708605841429145341433194411
1,Y,=~,y1,1.0
1,Y,=~,y2,751.509518876800051340642495928238812868831867637648014141942
1,Y,=~,y3,0.170277510937252756491048864634833703659728692650932281243871
1,Y,~,X,0.36310636946373236900632696935963572985903222179584391037703
1,X,~~,X,0.000108725031967702647439487599823307230970403688167557773808041
1,Y,~~,Y,0.0035154512651241824956685568931623224713765007645100840419391
1,x1,~~,x1,0.000103113339158681352560512400176692769029596311832442226191959
1,x2,~~,x2,10591.1882605127545496552845241355807808139909753119977408336
1,x3,~~,x3,3.50700721399457205748352430154406820874219306647631907943534
1,y1,~~,y1,0.189071150287672351718589368890014406225376201331978000471693
1,y2,~~,y2,-1826.3721736285128063852876862136678483546997752373883496985
1,y3,~~,y3,0.0121040112235424337813184549897855646800504812050927640180401
2,X,=~,x1,1.0
2,X,=~,x2,10317.8986995465158295087269550009733401757636004279025850624
2,X,=~,x3,75.0679293901010999029419368252724306279636472355120895109448
2,Y,=~,y1,1.0
2,Y,=~,y2,-1013.94627096547290635462280072263263462237592578119179510944
2,Y,=~,y3,0.245489700181351133909387865058857822619814678344568358570545
2,Y,~,X,-0.117935409907210212548658309894224370166629455904629246286657
2,X,~~,X,0.000080178317554438307152926469943750792034581126057540558551594
2,Y,~~,Y,-0.00226623394709362602921210953484805474149803353635490995874625
2,x1,~~,x1,0.000097810384064446692847073530056249207965418873942459441448406
2,x2,~~,x2,6996.00311154230559497174983757082594443502509397455079889874
2,x3,~~,x3,3.03673581865343167887388213483416212958127483724444229404691
2,y1,~~,y1,0.167041564114655596758411977352043097220759689829322660179228
2,y2,~~,y2,2475.5188809592983494497110703935078758511396469823645661711
2,y3,~~,y3,0.0130702355482766557199182689023970752753319482871297863059338
3,X,=~,x1,1.0
3,X,=~,x2,1232.73324445367212517742601403877191168329821105225871914741
3,X,=~,x3,17.238375236623155717944175696504922764857548838819280697029
3,Y,=~,y1,1.0
3,Y,=~,y2,15.9309592147983798950550627741497802279104192182021650846493
3,Y,=~,y3,0.132631433912920628828326160427808597470847980022037648622865
3,Y,~,X,13.7707126667974384624877871606945576589324318204028379249191
3,X,~~,X,0.000686683557228470069559629479743941055387109385645874928574227
3,Y,~~,Y,0.00112451064315472860629901079787549511377726129180002269065876
3,x1,~~,x1,-0.000452210960898294069559629479743941055387109385645874928574227
3,x2,~~,x2,12173.3440570194431836655362546076436189866443948115361986937
3,x3,~~,x3,4.46339857757060651524138928628764162481176801794510510320598
3,y1,~~,y1,0.0394998764641562507968362592353247559595216245813370659053799
3,y2,~~,y2,123.725476137344600628453125972295892381991132763296769376626
3,y3,~~,y3,0.0118285453101732033188758068992646200294143424555734146089146
4,X,=~,x1,1.0
4,X,=~,x2,-931.139327246243814054186422978999589823482567787097853982896
4,X,=~,x3,140.609764368667743699777395281637604247778090754965357789105
4,Y,=~,y1,1.0
4,Y,=~,y2,15.8743372989217005649089737187345640768942062123962073544443
4,Y,=~,y3,-1.44942460267406308174902672854472352318522371867864899551687
4,Y,~,X,-2.02938532024467569489570435677725669034911988358905846560473
4,X,~~,X,-0.00102041829461449945295156755931576760850771104910165873810155
4,Y,~~,Y,0.0389667854729379131866622206065919270479826587360119052413554
4,x1,~~,x1,0.00121974212578780445295156755931576760850771104910165873810155
4,x2,~~,x2,18895.8739208805134489240233990921431350399938745766094450658
4,x3,~~,x3,26.3356597466865692840855584812760776292395577120559210772722
4,y1,~~,y1,0.143456371979050139937555021716010567475029004821032614926108
4,y2,~~,y2,161.102159457917449775394117013492702492378125880873156155437
4,y3,~~,y3,-0.0598381460211191212237143872383729355017645389487021226997602
5,X,=~,x1,1.0
5,X,=~,x2,12404.8442540593346987220242908385042566514617539034507114128
5,X,=~,x3,166.712262876404302187941400422844809033894024542926893945608
5,Y,=~,y1,1.0
5,Y,=~,y2,81.7081466090413559127410248688379859298189521852580143001886
5,Y,=~,y3,0.813020817447275055072004190386519100444594992169714121722832
5,Y,~,X,2.54297333133852232598018827221365814614399305993095043010134
5,X,~~,X,0.0000747466982541421675722198813896102546223990050838823297858505
5,Y,~~,Y,0.0295452823696992657568463008849711857540955223576571465667067
5,x1,~~,x1,0.000138516657202321832427780118610389745377600994916117670214149
5,x2,~~,x2,7946.19318688617725744771598059038597191299552929801147042997
5,x3,~~,x3,3.84866070304092041789609017296551607531504487145673795611919
5,y1,~~,y1,0.146533720032644351367483631508805283218194312038415881233713
5,y2,~~,y2,52.1281245315814191511972373284546973118363569893006707222152
5,y3,~~,y3,-0.00665939136102052191317061813469701026247620299366579560213056
