"case_id","parameter","value"
1,1,1.12129165010899
1,2,0.696745040686853
1,3,0.0443551711308457
1,4,0.0226580643993185
1,5,0.864753578345356
1,6,0.264593584003291
1,7,19.9350522903174
2,1,0.9691227235528
2,2,0.36375017223929
2,3,3.47908766220722e-05
2,4,2.89634053392724e-05
2,5,0.853629533224084
2,6,0.0989252969723615
2,7,21842.9972101991
3,1,8.11205509824903
3,2,0.699193248608107
3,3,2.09236197795128
3,4,0.83253890820125
3,5,0.104350579375401
3,6,0.185705214586112
3,7,0.33334015963889
4,1,0.000106068438095945
4,2,7.26609458269883e-05
4,3,2.1098609179806
4,4,-9.44902412913842
4,5,9193.4248143935
4,6,-0.0306000683750008
4,7,0.0827414830469603
5,1,0.806136682993293
5,2,0.671964353047451
5,3,0.407956057033626
5,4,0.995030290838862
5,5,1.1502033959116
5,6,0.19265952920342
5,7,2.00477897730713
