"cell_id","distribution","truth","n_group1","n_group2","n_total","missing_rate","df","phase","n","median_seconds","p90_seconds"
1,"normal","null",50,35,85,0,5,"missing",100,0,0
1,"normal","null",50,35,85,0,5,"fit",100,0.003,0.004
1,"normal","null",50,35,85,0,5,"flip_total",100,0.002,0.00363333333333335
1,"normal","null",50,35,85,0,5,"flip_setup",100,0.000223048,0.000390861033333333
1,"normal","null",50,35,85,0,5,"flip_score",100,0.0007495565,0.00112504476666667
1,"normal","null",50,35,85,0,5,"flip_standardization",100,0.0008216905,0.0015478015
1,"normal","null",50,35,85,0,5,"flip_asymptotic",100,5.55075e-05,9.89543666666667e-05
1,"normal","null",50,35,85,0,5,"nested_fmg",100,0.002,0.003
1,"normal","null",50,35,85,0,5,"replication_total",100,0.00900000000000001,0.014
2,"pl","null",50,35,85,0,5,"missing",100,0,0
2,"pl","null",50,35,85,0,5,"fit",100,0.00499999999999989,0.00699999999999967
2,"pl","null",50,35,85,0,5,"flip_total",100,0.00399999999999956,0.00563333333333321
2,"pl","null",50,35,85,0,5,"flip_setup",100,0.000385445,0.0003996868
2,"pl","null",50,35,85,0,5,"flip_score",100,0.001137758,0.0012116439
2,"pl","null",50,35,85,0,5,"flip_standardization",100,0.001606593,0.00169159566666667
2,"pl","null",50,35,85,0,5,"flip_asymptotic",100,0.0003896395,0.00182254306666667
2,"pl","null",50,35,85,0,5,"nested_fmg",100,0.00300000000000011,0.00463333333333344
2,"pl","null",50,35,85,0,5,"replication_total",100,0.016,0.0199999999999996
3,"normal","power",50,35,85,0,5,"missing",100,0,0
3,"normal","power",50,35,85,0,5,"fit",100,0.003,0.00500000000000007
3,"normal","power",50,35,85,0,5,"flip_total",100,0.002,0.004
3,"normal","power",50,35,85,0,5,"flip_setup",100,0.000228047,0.000391306833333333
3,"normal","power",50,35,85,0,5,"flip_score",100,0.000737344,0.00115222343333333
3,"normal","power",50,35,85,0,5,"flip_standardization",100,0.000800396,0.0016051905
3,"normal","power",50,35,85,0,5,"flip_asymptotic",100,5.8099e-05,0.0001067343
3,"normal","power",50,35,85,0,5,"nested_fmg",100,0.002,0.003
3,"normal","power",50,35,85,0,5,"replication_total",100,0.00900000000000001,0.0149999999999999
4,"pl","power",50,35,85,0,5,"missing",100,0,0
4,"pl","power",50,35,85,0,5,"fit",100,0.00300000000000011,0.00463333333333327
4,"pl","power",50,35,85,0,5,"flip_total",100,0.00200000000000022,0.00300000000000011
4,"pl","power",50,35,85,0,5,"flip_setup",100,0.000213143,0.000232524266666667
4,"pl","power",50,35,85,0,5,"flip_score",100,0.0007193045,0.0007699745
4,"pl","power",50,35,85,0,5,"flip_standardization",100,0.0007840285,0.000836666166666667
4,"pl","power",50,35,85,0,5,"flip_asymptotic",100,0.000194996,0.00112547643333333
4,"pl","power",50,35,85,0,5,"nested_fmg",100,0.00199999999999978,0.00263333333333321
4,"pl","power",50,35,85,0,5,"replication_total",100,0.00900000000000034,0.0110000000000001
5,"normal","null",100,70,170,0,5,"missing",100,0,0
5,"normal","null",100,70,170,0,5,"fit",100,0.00300000000000011,0.004
5,"normal","null",100,70,170,0,5,"flip_total",100,0.002,0.00399999999999992
5,"normal","null",100,70,170,0,5,"flip_setup",100,0.0002590925,0.000422486433333333
5,"normal","null",100,70,170,0,5,"flip_score",100,0.0008890125,0.00131984216666667
5,"normal","null",100,70,170,0,5,"flip_standardization",100,0.000828423,0.0015532877
5,"normal","null",100,70,170,0,5,"flip_asymptotic",100,5.98075e-05,0.000103760833333333
5,"normal","null",100,70,170,0,5,"nested_fmg",100,0.002,0.00300000000000011
5,"normal","null",100,70,170,0,5,"replication_total",100,0.00900000000000012,0.0129999999999999
6,"pl","null",100,70,170,0,5,"missing",100,0,0
6,"pl","null",100,70,170,0,5,"fit",100,0.00499999999999989,0.00663333333333322
6,"pl","null",100,70,170,0,5,"flip_total",100,0.00400000000000045,0.00499999999999989
6,"pl","null",100,70,170,0,5,"flip_setup",100,0.000460485,0.0004843943
6,"pl","null",100,70,170,0,5,"flip_score",100,0.0014350875,0.00152510713333333
6,"pl","null",100,70,170,0,5,"flip_standardization",100,0.0016541565,0.00174458123333333
6,"pl","null",100,70,170,0,5,"flip_asymptotic",100,0.0001842325,0.000362171633333333
6,"pl","null",100,70,170,0,5,"nested_fmg",100,0.00300000000000011,0.00499999999999989
6,"pl","null",100,70,170,0,5,"replication_total",100,0.016,0.0180000000000004
7,"normal","power",100,70,170,0,5,"missing",100,0,0
7,"normal","power",100,70,170,0,5,"fit",100,0.004,0.00500000000000034
7,"normal","power",100,70,170,0,5,"flip_total",100,0.004,0.004
7,"normal","power",100,70,170,0,5,"flip_setup",100,0.0004505135,0.000476491666666667
7,"normal","power",100,70,170,0,5,"flip_score",100,0.0013903685,0.0014475495
7,"normal","power",100,70,170,0,5,"flip_standardization",100,0.0016128545,0.00166670693333333
7,"normal","power",100,70,170,0,5,"flip_asymptotic",100,0.000110507,0.0001272171
7,"normal","power",100,70,170,0,5,"nested_fmg",100,0.00300000000000011,0.004
7,"normal","power",100,70,170,0,5,"replication_total",100,0.014,0.0169999999999999
8,"pl","power",100,70,170,0,5,"missing",100,0,0
8,"pl","power",100,70,170,0,5,"fit",100,0.00300000000000011,0.00400000000000045
8,"pl","power",100,70,170,0,5,"flip_total",100,0.00199999999999978,0.00300000000000011
8,"pl","power",100,70,170,0,5,"flip_setup",100,0.0002472935,0.000263680333333333
8,"pl","power",100,70,170,0,5,"flip_score",100,0.0008645545,0.000923172633333333
8,"pl","power",100,70,170,0,5,"flip_standardization",100,0.0008096365,0.000852438533333333
8,"pl","power",100,70,170,0,5,"flip_asymptotic",100,9.46915e-05,0.000236675266666667
8,"pl","power",100,70,170,0,5,"nested_fmg",100,0.00199999999999978,0.00300000000000011
8,"pl","power",100,70,170,0,5,"replication_total",100,0.00900000000000034,0.0110000000000001
9,"normal","null",200,140,340,0,5,"missing",100,0,0
9,"normal","null",200,140,340,0,5,"fit",100,0.00300000000000011,0.004
9,"normal","null",200,140,340,0,5,"flip_total",100,0.00299999999999967,0.00300000000000011
9,"normal","null",200,140,340,0,5,"flip_setup",100,0.000319151,0.0003511985
9,"normal","null",200,140,340,0,5,"flip_score",100,0.0011382375,0.0012138762
9,"normal","null",200,140,340,0,5,"flip_standardization",100,0.0008119445,0.000868756233333333
9,"normal","null",200,140,340,0,5,"flip_asymptotic",100,6.7681e-05,8.06255e-05
9,"normal","null",200,140,340,0,5,"nested_fmg",100,0.00199999999999978,0.00200000000000022
9,"normal","null",200,140,340,0,5,"replication_total",100,0.0089999999999999,0.0110000000000001
10,"pl","null",200,140,340,0,5,"missing",100,0,0
10,"pl","null",200,140,340,0,5,"fit",100,0.00500000000000078,0.00663333333333322
10,"pl","null",200,140,340,0,5,"flip_total",100,0.00499999999999901,0.00500000000000078
10,"pl","null",200,140,340,0,5,"flip_setup",100,0.0005861485,0.000623447566666667
10,"pl","null",200,140,340,0,5,"flip_score",100,0.0019977475,0.00212014203333333
10,"pl","null",200,140,340,0,5,"flip_standardization",100,0.001683747,0.0017684555
10,"pl","null",200,140,340,0,5,"flip_asymptotic",100,0.0001654795,0.000208975933333333
10,"pl","null",200,140,340,0,5,"nested_fmg",100,0.00300000000000011,0.00399999999999956
10,"pl","null",200,140,340,0,5,"replication_total",100,0.016,0.0190000000000001
11,"normal","power",200,140,340,0,5,"missing",100,0,0
11,"normal","power",200,140,340,0,5,"fit",100,0.00400000000000045,0.00599999999999978
11,"normal","power",200,140,340,0,5,"flip_total",100,0.004,0.00499999999999989
11,"normal","power",200,140,340,0,5,"flip_setup",100,0.0005399935,0.000583073133333333
11,"normal","power",200,140,340,0,5,"flip_score",100,0.001816412,0.00191427506666667
11,"normal","power",200,140,340,0,5,"flip_standardization",100,0.001533433,0.00162314963333333
11,"normal","power",200,140,340,0,5,"flip_asymptotic",100,0.000135356,0.0001505633
11,"normal","power",200,140,340,0,5,"nested_fmg",100,0.00300000000000011,0.004
11,"normal","power",200,140,340,0,5,"replication_total",100,0.0149999999999997,0.0169999999999999
12,"pl","power",200,140,340,0,5,"missing",100,0,0
12,"pl","power",200,140,340,0,5,"fit",100,0.00300000000000011,0.00400000000000045
12,"pl","power",200,140,340,0,5,"flip_total",100,0.00300000000000011,0.00300000000000011
12,"pl","power",200,140,340,0,5,"flip_setup",100,0.000320224,0.0003532728
12,"pl","power",200,140,340,0,5,"flip_score",100,0.0011638925,0.00123235143333333
12,"pl","power",200,140,340,0,5,"flip_standardization",100,0.000828252,0.0008797297
12,"pl","power",200,140,340,0,5,"flip_asymptotic",100,8.94845e-05,0.0001200946
12,"pl","power",200,140,340,0,5,"nested_fmg",100,0.00199999999999978,0.00200000000000067
12,"pl","power",200,140,340,0,5,"replication_total",100,0.00900000000000034,0.0110000000000001
13,"normal","null",50,35,85,0.15,5,"missing",100,0.00100000000000033,0.00200000000000006
13,"normal","null",50,35,85,0.15,5,"fit",100,0.004,0.00499999999999989
13,"normal","null",50,35,85,0.15,5,"flip_total",100,0.00499999999999989,0.00600000000000023
13,"normal","null",50,35,85,0.15,5,"flip_setup",100,0.000561087,0.000643835566666667
13,"normal","null",50,35,85,0.15,5,"flip_score",100,0.0007295025,0.000788129133333334
13,"normal","null",50,35,85,0.15,5,"flip_standardization",100,0.003536524,0.00408763056666667
13,"normal","null",50,35,85,0.15,5,"flip_asymptotic",100,5.79755e-05,6.93031e-05
13,"normal","null",50,35,85,0.15,5,"nested_fmg",100,0.00199999999999978,0.00200000000000067
13,"normal","null",50,35,85,0.15,5,"replication_total",100,0.0139999999999998,0.0150000000000006
14,"pl","null",50,35,85,0.15,5,"missing",100,0.00100000000000122,0.00200000000000067
14,"pl","null",50,35,85,0.15,5,"fit",100,0.00799999999999912,0.0150000000000006
14,"pl","null",50,35,85,0.15,5,"flip_total",100,0.00600000000000023,0.0120000000000005
14,"pl","null",50,35,85,0.15,5,"flip_setup",100,0.000627724,0.0010850089
14,"pl","null",50,35,85,0.15,5,"flip_score",100,0.0008416185,0.00124455953333333
14,"pl","null",50,35,85,0.15,5,"flip_standardization",100,0.003983201,0.0080681705
14,"pl","null",50,35,85,0.15,5,"flip_asymptotic",100,0.000202314,0.00165120553333333
14,"pl","null",50,35,85,0.15,5,"nested_fmg",100,0.00200000000000067,0.00400000000000068
14,"pl","null",50,35,85,0.15,5,"replication_total",100,0.0190000000000001,0.0392666666666674
15,"normal","power",50,35,85,0.15,5,"missing",100,0.00199999999999978,0.00200000000000067
15,"normal","power",50,35,85,0.15,5,"fit",100,0.00699999999999967,0.00799999999999968
15,"normal","power",50,35,85,0.15,5,"flip_total",100,0.0109999999999992,0.0119999999999996
15,"normal","power",50,35,85,0.15,5,"flip_setup",100,0.0010495555,0.00118628873333333
15,"normal","power",50,35,85,0.15,5,"flip_score",100,0.001148834,0.0012303034
15,"normal","power",50,35,85,0.15,5,"flip_standardization",100,0.0078843585,0.00893168176666667
15,"normal","power",50,35,85,0.15,5,"flip_asymptotic",100,0.000106913,0.0001182172
15,"normal","power",50,35,85,0.15,5,"nested_fmg",100,0.00300000000000011,0.00300000000000011
15,"normal","power",50,35,85,0.15,5,"replication_total",100,0.0250000000000004,0.0270000000000001
16,"pl","power",50,35,85,0.15,5,"missing",100,0.000999999999999446,0.00200000000000067
16,"pl","power",50,35,85,0.15,5,"fit",100,0.00700000000000056,0.0110000000000001
16,"pl","power",50,35,85,0.15,5,"flip_total",99,0.00600000000000023,0.0107333333333334
16,"pl","power",50,35,85,0.15,5,"flip_setup",99,0.00059843,0.000987093933333333
16,"pl","power",50,35,85,0.15,5,"flip_score",99,0.000800971,0.00112064346666667
16,"pl","power",50,35,85,0.15,5,"flip_standardization",99,0.003802675,0.00694438486666666
16,"pl","power",50,35,85,0.15,5,"flip_asymptotic",99,0.000165919,0.0010723832
16,"pl","power",50,35,85,0.15,5,"nested_fmg",99,0.00200000000000067,0.00499999999999989
16,"pl","power",50,35,85,0.15,5,"replication_total",100,0.0179999999999998,0.0309999999999997
17,"normal","null",100,70,170,0.15,5,"missing",100,0.00199999999999978,0.00200000000000067
17,"normal","null",100,70,170,0.15,5,"fit",100,0.00400000000000045,0.00499999999999989
17,"normal","null",100,70,170,0.15,5,"flip_total",100,0.00600000000000023,0.00700000000000056
17,"normal","null",100,70,170,0.15,5,"flip_setup",100,0.000703346,0.0008123903
17,"normal","null",100,70,170,0.15,5,"flip_score",100,0.000908247,0.000981634033333334
17,"normal","null",100,70,170,0.15,5,"flip_standardization",100,0.004443183,0.00506863813333334
17,"normal","null",100,70,170,0.15,5,"flip_asymptotic",100,6.86915e-05,8.75998333333333e-05
17,"normal","null",100,70,170,0.15,5,"nested_fmg",100,0.00199999999999978,0.00200000000000067
17,"normal","null",100,70,170,0.15,5,"replication_total",100,0.016,0.0186333333333337
18,"pl","null",100,70,170,0.15,5,"missing",100,0.00199999999999889,0.00200000000000067
18,"pl","null",100,70,170,0.15,5,"fit",100,0.00600000000000023,0.00700000000000145
18,"pl","null",100,70,170,0.15,5,"flip_total",99,0.00699999999999967,0.00799999999999912
18,"pl","null",100,70,170,0.15,5,"flip_setup",99,0.000732471,0.000823317866666667
18,"pl","null",100,70,170,0.15,5,"flip_score",99,0.000998042,0.00105384926666667
18,"pl","null",100,70,170,0.15,5,"flip_standardization",99,0.00475136,0.00528127
18,"pl","null",100,70,170,0.15,5,"flip_asymptotic",99,0.000106649,0.000220019666666667
18,"pl","null",100,70,170,0.15,5,"nested_fmg",99,0.00200000000000067,0.00300000000000011
18,"pl","null",100,70,170,0.15,5,"replication_total",100,0.0180000000000007,0.0210000000000001
19,"normal","power",100,70,170,0.15,5,"missing",100,0.00299999999999967,0.00300000000000011
19,"normal","power",100,70,170,0.15,5,"fit",100,0.00699999999999967,0.00799999999999912
19,"normal","power",100,70,170,0.15,5,"flip_total",100,0.0120000000000005,0.0140000000000008
19,"normal","power",100,70,170,0.15,5,"flip_setup",100,0.0012485075,0.00137379803333333
19,"normal","power",100,70,170,0.15,5,"flip_score",100,0.001400685,0.0015131878
19,"normal","power",100,70,170,0.15,5,"flip_standardization",100,0.0093089235,0.0107284661333333
19,"normal","power",100,70,170,0.15,5,"flip_asymptotic",100,0.000114465,0.000128379866666667
19,"normal","power",100,70,170,0.15,5,"nested_fmg",100,0.00300000000000011,0.00399999999999956
19,"normal","power",100,70,170,0.15,5,"replication_total",100,0.0279999999999996,0.0316333333333336
20,"pl","power",100,70,170,0.15,5,"missing",100,0.00200000000000067,0.00300000000000011
20,"pl","power",100,70,170,0.15,5,"fit",100,0.00600000000000023,0.00999999999999979
20,"pl","power",100,70,170,0.15,5,"flip_total",100,0.00699999999999967,0.0140000000000005
20,"pl","power",100,70,170,0.15,5,"flip_setup",100,0.0007527885,0.0013868207
20,"pl","power",100,70,170,0.15,5,"flip_score",100,0.0009998045,0.0015598515
20,"pl","power",100,70,170,0.15,5,"flip_standardization",100,0.0049905065,0.0105652853
20,"pl","power",100,70,170,0.15,5,"flip_asymptotic",100,0.0001409715,0.000396075366666667
20,"pl","power",100,70,170,0.15,5,"nested_fmg",100,0.00200000000000067,0.00399999999999956
20,"pl","power",100,70,170,0.15,5,"replication_total",100,0.0190000000000001,0.034
21,"normal","null",200,140,340,0.15,5,"missing",100,0.00200000000000067,0.00300000000000011
21,"normal","null",200,140,340,0.15,5,"fit",100,0.00499999999999989,0.00500000000000078
21,"normal","null",200,140,340,0.15,5,"flip_total",100,0.00800000000000001,0.00863333333333332
21,"normal","null",200,140,340,0.15,5,"flip_setup",100,0.000863261,0.000957542233333333
21,"normal","null",200,140,340,0.15,5,"flip_score",100,0.001232768,0.00134013693333333
21,"normal","null",200,140,340,0.15,5,"flip_standardization",100,0.005299517,0.0057584251
21,"normal","null",200,140,340,0.15,5,"flip_asymptotic",100,8.12845e-05,9.28012666666667e-05
21,"normal","null",200,140,340,0.15,5,"nested_fmg",100,0.00199999999999978,0.00200000000000067
21,"normal","null",200,140,340,0.15,5,"replication_total",100,0.0189999999999997,0.0209999999999996
22,"pl","null",200,140,340,0.15,5,"missing",100,0.00200000000000244,0.00300000000000011
22,"pl","null",200,140,340,0.15,5,"fit",100,0.00600000000000023,0.00600000000000023
22,"pl","null",200,140,340,0.15,5,"flip_total",100,0.00799999999999912,0.00900000000000034
22,"pl","null",200,140,340,0.15,5,"flip_setup",100,0.0009284265,0.0009913039
22,"pl","null",200,140,340,0.15,5,"flip_score",100,0.001348678,0.00140862476666667
22,"pl","null",200,140,340,0.15,5,"flip_standardization",100,0.0056282095,0.006055432
22,"pl","null",200,140,340,0.15,5,"flip_asymptotic",100,9.8349e-05,0.000123526666666667
22,"pl","null",200,140,340,0.15,5,"nested_fmg",100,0.00199999999999889,0.00300000000000011
22,"pl","null",200,140,340,0.15,5,"replication_total",100,0.0199999999999996,0.0216333333333327
23,"normal","power",200,140,340,0.15,5,"missing",100,0.00400000000000134,0.00500000000000078
23,"normal","power",200,140,340,0.15,5,"fit",100,0.00700000000000145,0.0080000000000009
23,"normal","power",200,140,340,0.15,5,"flip_total",100,0.016,0.0170000000000012
23,"normal","power",200,140,340,0.15,5,"flip_setup",100,0.0016009105,0.00172172563333333
23,"normal","power",200,140,340,0.15,5,"flip_score",100,0.0020638645,0.0021505507
23,"normal","power",200,140,340,0.15,5,"flip_standardization",100,0.0116777435,0.0128366870333333
23,"normal","power",200,140,340,0.15,5,"flip_asymptotic",100,0.0001525855,0.000171519266666667
23,"normal","power",200,140,340,0.15,5,"nested_fmg",100,0.00300000000000011,0.00400000000000068
23,"normal","power",200,140,340,0.15,5,"replication_total",100,0.0340000000000007,0.036999999999999
24,"pl","power",200,140,340,0.15,5,"missing",100,0.00300000000000011,0.0046333333333332
24,"pl","power",200,140,340,0.15,5,"fit",100,0.00600000000000023,0.0080000000000009
24,"pl","power",200,140,340,0.15,5,"flip_total",99,0.0080000000000009,0.0150000000000001
24,"pl","power",200,140,340,0.15,5,"flip_setup",99,0.000916051,0.00152551626666667
24,"pl","power",200,140,340,0.15,5,"flip_score",99,0.001334666,0.00202494366666667
24,"pl","power",200,140,340,0.15,5,"flip_standardization",99,0.005640987,0.0106452128
24,"pl","power",200,140,340,0.15,5,"flip_asymptotic",99,0.000109253,0.0001813974
24,"pl","power",200,140,340,0.15,5,"nested_fmg",99,0.00200000000000067,0.00300000000000011
24,"pl","power",200,140,340,0.15,5,"replication_total",100,0.0200000000000014,0.0339999999999989
25,"normal","null",50,35,85,0.3,5,"missing",100,0.000999999999999446,0.00199999999999889
25,"normal","null",50,35,85,0.3,5,"fit",100,0.00600000000000023,0.0120000000000005
25,"normal","null",50,35,85,0.3,5,"flip_total",99,0.00700000000000145,0.0080000000000009
25,"normal","null",50,35,85,0.3,5,"flip_setup",99,0.00077274,0.000845661666666667
25,"normal","null",50,35,85,0.3,5,"flip_score",99,0.000797938,0.000853977066666666
25,"normal","null",50,35,85,0.3,5,"flip_standardization",99,0.005346557,0.00606139726666667
25,"normal","null",50,35,85,0.3,5,"flip_asymptotic",99,6.4057e-05,7.46135333333333e-05
25,"normal","null",50,35,85,0.3,5,"nested_fmg",99,0.00199999999999889,0.00200000000000067
25,"normal","null",50,35,85,0.3,5,"replication_total",100,0.0190000000000001,0.0236333333333333
26,"pl","null",50,35,85,0.3,5,"missing",100,0.00100000000000122,0.00200000000000244
26,"pl","null",50,35,85,0.3,5,"fit",100,0.0165000000000006,0.227300000000001
26,"pl","null",50,35,85,0.3,5,"flip_total",94,0.00800000000000267,0.00900000000000034
26,"pl","null",50,35,85,0.3,5,"flip_setup",94,0.000855406,0.0009252176
26,"pl","null",50,35,85,0.3,5,"flip_score",94,0.000875718,0.000919200066666667
26,"pl","null",50,35,85,0.3,5,"flip_standardization",94,0.005856812,0.00652283976666667
26,"pl","null",50,35,85,0.3,5,"flip_asymptotic",94,0.000171835,0.0009012801
26,"pl","null",50,35,85,0.3,5,"nested_fmg",94,0.00200000000000244,0.0269999999999983
26,"pl","null",50,35,85,0.3,5,"replication_total",100,0.032,0.236266666666668
27,"normal","power",50,35,85,0.3,5,"missing",100,0.00200000000000067,0.00300000000000011
27,"normal","power",50,35,85,0.3,5,"fit",100,0.00999999999999979,0.0156333333333336
27,"normal","power",50,35,85,0.3,5,"flip_total",100,0.0150000000000006,0.0169999999999995
27,"normal","power",50,35,85,0.3,5,"flip_setup",100,0.0014496755,0.0015551007
27,"normal","power",50,35,85,0.3,5,"flip_score",100,0.001248018,0.001335213
27,"normal","power",50,35,85,0.3,5,"flip_standardization",100,0.0119561945,0.0133180231333333
27,"normal","power",50,35,85,0.3,5,"flip_asymptotic",100,0.00011712,0.000128550166666667
27,"normal","power",50,35,85,0.3,5,"nested_fmg",100,0.00300000000000011,0.00400000000000134
27,"normal","power",50,35,85,0.3,5,"replication_total",100,0.0340000000000007,0.0412666666666658
28,"pl","power",50,35,85,0.3,5,"missing",100,0.00100000000000122,0.00200000000000179
28,"pl","power",50,35,85,0.3,5,"fit",100,0.0190000000000019,0.203166666666664
28,"pl","power",50,35,85,0.3,5,"flip_total",92,0.0080000000000009,0.00900000000000034
28,"pl","power",50,35,85,0.3,5,"flip_setup",92,0.0008542725,0.000936654266666667
28,"pl","power",50,35,85,0.3,5,"flip_score",92,0.000870667,0.000941518966666667
28,"pl","power",50,35,85,0.3,5,"flip_standardization",92,0.005943485,0.00647720996666667
28,"pl","power",50,35,85,0.3,5,"flip_asymptotic",92,0.0001778395,0.0010138704
28,"pl","power",50,35,85,0.3,5,"nested_fmg",92,0.00200000000000244,0.0279999999999995
28,"pl","power",50,35,85,0.3,5,"replication_total",100,0.0340000000000007,0.226433333333336
29,"normal","null",100,70,170,0.3,5,"missing",100,0.00200000000000067,0.00300000000000011
29,"normal","null",100,70,170,0.3,5,"fit",100,0.00600000000000023,0.00900000000000034
29,"normal","null",100,70,170,0.3,5,"flip_total",100,0.00900000000000034,0.0170000000000006
29,"normal","null",100,70,170,0.3,5,"flip_setup",100,0.000941864,0.00167028253333333
29,"normal","null",100,70,170,0.3,5,"flip_score",100,0.001009209,0.00150690846666667
29,"normal","null",100,70,170,0.3,5,"flip_standardization",100,0.0066232295,0.0136656894333333
29,"normal","null",100,70,170,0.3,5,"flip_asymptotic",100,7.49485e-05,0.000127438866666667
29,"normal","null",100,70,170,0.3,5,"nested_fmg",100,0.00200000000000067,0.00300000000000011
29,"normal","null",100,70,170,0.3,5,"replication_total",100,0.0200000000000014,0.0350000000000001
30,"pl","null",100,70,170,0.3,5,"missing",100,0.00199999999999889,0.00200000000000244
30,"pl","null",100,70,170,0.3,5,"fit",100,0.00999999999999979,0.0160000000000005
30,"pl","null",100,70,170,0.3,5,"flip_total",97,0.00900000000000034,0.0100000000000016
30,"pl","null",100,70,170,0.3,5,"flip_setup",97,0.000945255,0.00102170746666667
30,"pl","null",100,70,170,0.3,5,"flip_score",97,0.001027318,0.00107997673333333
30,"pl","null",100,70,170,0.3,5,"flip_standardization",97,0.006728569,0.00721221913333333
30,"pl","null",100,70,170,0.3,5,"flip_asymptotic",97,0.000102213,0.000187879933333333
30,"pl","null",100,70,170,0.3,5,"nested_fmg",97,0.00199999999999889,0.00300000000000011
30,"pl","null",100,70,170,0.3,5,"replication_total",100,0.0244999999999997,0.030633333333333
31,"normal","power",100,70,170,0.3,5,"missing",100,0.00300000000000011,0.00400000000000134
31,"normal","power",100,70,170,0.3,5,"fit",100,0.00900000000000034,0.0100000000000016
31,"normal","power",100,70,170,0.3,5,"flip_total",100,0.0180000000000007,0.0190000000000019
31,"normal","power",100,70,170,0.3,5,"flip_setup",100,0.0016998425,0.00178983
31,"normal","power",100,70,170,0.3,5,"flip_score",100,0.001573958,0.0016382585
31,"normal","power",100,70,170,0.3,5,"flip_standardization",100,0.0141195775,0.0150432440666667
31,"normal","power",100,70,170,0.3,5,"flip_asymptotic",100,0.0001321885,0.000147367433333333
31,"normal","power",100,70,170,0.3,5,"nested_fmg",100,0.00300000000000011,0.00400000000000134
31,"normal","power",100,70,170,0.3,5,"replication_total",100,0.036999999999999,0.0390000000000002
32,"pl","power",100,70,170,0.3,5,"missing",100,0.00199999999999889,0.00200000000000244
32,"pl","power",100,70,170,0.3,5,"fit",100,0.0109999999999992,0.0180000000000007
32,"pl","power",100,70,170,0.3,5,"flip_total",97,0.00900000000000034,0.0100000000000016
32,"pl","power",100,70,170,0.3,5,"flip_setup",97,0.000974986,0.00109156053333333
32,"pl","power",100,70,170,0.3,5,"flip_score",97,0.001037847,0.00120446433333333
32,"pl","power",100,70,170,0.3,5,"flip_standardization",97,0.006807814,0.00736118773333334
32,"pl","power",100,70,170,0.3,5,"flip_asymptotic",97,0.000111573,0.000387013933333334
32,"pl","power",100,70,170,0.3,5,"nested_fmg",97,0.00200000000000244,0.00300000000000011
32,"pl","power",100,70,170,0.3,5,"replication_total",100,0.0259999999999998,0.0388000000000003
33,"normal","null",200,140,340,0.3,5,"missing",100,0.00499999999999901,0.00500000000000256
33,"normal","null",200,140,340,0.3,5,"fit",100,0.00900000000000034,0.0096333333333322
33,"normal","null",200,140,340,0.3,5,"flip_total",100,0.0199999999999996,0.0200000000000014
33,"normal","null",200,140,340,0.3,5,"flip_setup",100,0.0019059275,0.00197768643333333
33,"normal","null",200,140,340,0.3,5,"flip_score",100,0.0021015775,0.00218254936666667
33,"normal","null",200,140,340,0.3,5,"flip_standardization",100,0.0151609225,0.0155830619666667
33,"normal","null",200,140,340,0.3,5,"flip_asymptotic",100,0.000153313,0.000163311
33,"normal","null",200,140,340,0.3,5,"nested_fmg",100,0.00300000000000011,0.00400000000000134
33,"normal","null",200,140,340,0.3,5,"replication_total",100,0.0399999999999991,0.0430000000000004
34,"pl","null",200,140,340,0.3,5,"missing",100,0.00200000000000244,0.00300000000000011
34,"pl","null",200,140,340,0.3,5,"fit",100,0.007000000000005,0.00900000000000034
34,"pl","null",200,140,340,0.3,5,"flip_total",98,0.00999999999999801,0.0100000000000051
34,"pl","null",200,140,340,0.3,5,"flip_setup",98,0.0010083275,0.00110232016666667
34,"pl","null",200,140,340,0.3,5,"flip_score",98,0.0013030725,0.00138472866666667
34,"pl","null",200,140,340,0.3,5,"flip_standardization",98,0.006871403,0.00726176033333333
34,"pl","null",200,140,340,0.3,5,"flip_asymptotic",98,0.000100254,0.000129391833333333
34,"pl","null",200,140,340,0.3,5,"nested_fmg",98,0.00200000000000244,0.00200000000000244
34,"pl","null",200,140,340,0.3,5,"replication_total",100,0.0230000000000032,0.025633333333333
35,"normal","power",200,140,340,0.3,5,"missing",100,0.00499999999999901,0.00500000000000256
35,"normal","power",200,140,340,0.3,5,"fit",100,0.00900000000000034,0.00999999999999801
35,"normal","power",200,140,340,0.3,5,"flip_total",100,0.0199999999999996,0.0199999999999996
35,"normal","power",200,140,340,0.3,5,"flip_setup",100,0.001921738,0.0020078542
35,"normal","power",200,140,340,0.3,5,"flip_score",100,0.002140983,0.00222280946666667
35,"normal","power",200,140,340,0.3,5,"flip_standardization",100,0.015208167,0.0157176494
35,"normal","power",200,140,340,0.3,5,"flip_asymptotic",100,0.0001627265,0.0001826927
35,"normal","power",200,140,340,0.3,5,"nested_fmg",100,0.00349999999999895,0.00400000000000134
35,"normal","power",200,140,340,0.3,5,"replication_total",100,0.0400000000000027,0.0429999999999993
36,"pl","power",200,140,340,0.3,5,"missing",100,0.00300000000000011,0.00300000000000011
36,"pl","power",200,140,340,0.3,5,"fit",100,0.00799999999999912,0.0100000000000016
36,"pl","power",200,140,340,0.3,5,"flip_total",99,0.00999999999999801,0.0109999999999992
36,"pl","power",200,140,340,0.3,5,"flip_setup",99,0.001055089,0.00112003853333333
36,"pl","power",200,140,340,0.3,5,"flip_score",99,0.001362766,0.00143060726666667
36,"pl","power",200,140,340,0.3,5,"flip_standardization",99,0.007157951,0.00756735673333334
36,"pl","power",200,140,340,0.3,5,"flip_asymptotic",99,0.000105275,0.0001373684
36,"pl","power",200,140,340,0.3,5,"nested_fmg",99,0.00200000000000244,0.00300000000000011
36,"pl","power",200,140,340,0.3,5,"replication_total",100,0.0240000000000009,0.0280000000000045
