"factors","categories","skew","n","groups","parameterization","cross","nesting","role","model","family","cell_id","production_reps"
1,2,"symmetric",200,1,"delta",0,"none","null","cfa","global",1,2000
2,2,"symmetric",200,1,"delta",0,"none","null","cfa","global",2,2000
3,2,"symmetric",200,1,"delta",0,"none","null","cfa","global",3,2000
1,5,"symmetric",200,1,"delta",0,"none","null","cfa","global",4,2000
2,5,"symmetric",200,1,"delta",0,"none","null","cfa","global",5,2000
3,5,"symmetric",200,1,"delta",0,"none","null","cfa","global",6,2000
1,2,"skewed",200,1,"delta",0,"none","null","cfa","global",7,2000
2,2,"skewed",200,1,"delta",0,"none","null","cfa","global",8,2000
3,2,"skewed",200,1,"delta",0,"none","null","cfa","global",9,2000
1,5,"skewed",200,1,"delta",0,"none","null","cfa","global",10,2000
2,5,"skewed",200,1,"delta",0,"none","null","cfa","global",11,2000
3,5,"skewed",200,1,"delta",0,"none","null","cfa","global",12,2000
1,2,"symmetric",500,1,"delta",0,"none","null","cfa","global",13,2000
2,2,"symmetric",500,1,"delta",0,"none","null","cfa","global",14,2000
3,2,"symmetric",500,1,"delta",0,"none","null","cfa","global",15,2000
1,5,"symmetric",500,1,"delta",0,"none","null","cfa","global",16,2000
2,5,"symmetric",500,1,"delta",0,"none","null","cfa","global",17,2000
3,5,"symmetric",500,1,"delta",0,"none","null","cfa","global",18,2000
1,2,"skewed",500,1,"delta",0,"none","null","cfa","global",19,2000
2,2,"skewed",500,1,"delta",0,"none","null","cfa","global",20,2000
3,2,"skewed",500,1,"delta",0,"none","null","cfa","global",21,2000
1,5,"skewed",500,1,"delta",0,"none","null","cfa","global",22,2000
2,5,"skewed",500,1,"delta",0,"none","null","cfa","global",23,2000
3,5,"skewed",500,1,"delta",0,"none","null","cfa","global",24,2000
1,2,"symmetric",1000,1,"delta",0,"none","null","cfa","global",25,2000
2,2,"symmetric",1000,1,"delta",0,"none","null","cfa","global",26,2000
3,2,"symmetric",1000,1,"delta",0,"none","null","cfa","global",27,2000
1,5,"symmetric",1000,1,"delta",0,"none","null","cfa","global",28,2000
2,5,"symmetric",1000,1,"delta",0,"none","null","cfa","global",29,2000
3,5,"symmetric",1000,1,"delta",0,"none","null","cfa","global",30,2000
1,2,"skewed",1000,1,"delta",0,"none","null","cfa","global",31,2000
2,2,"skewed",1000,1,"delta",0,"none","null","cfa","global",32,2000
3,2,"skewed",1000,1,"delta",0,"none","null","cfa","global",33,2000
1,5,"skewed",1000,1,"delta",0,"none","null","cfa","global",34,2000
2,5,"skewed",1000,1,"delta",0,"none","null","cfa","global",35,2000
3,5,"skewed",1000,1,"delta",0,"none","null","cfa","global",36,2000
2,2,"symmetric",400,2,"delta",0,"none","null","cfa","global",37,2000
3,2,"symmetric",400,2,"delta",0,"none","null","cfa","global",38,2000
2,5,"symmetric",400,2,"delta",0,"none","null","cfa","global",39,2000
3,5,"symmetric",400,2,"delta",0,"none","null","cfa","global",40,2000
2,2,"symmetric",1000,2,"delta",0,"none","null","cfa","global",41,2000
3,2,"symmetric",1000,2,"delta",0,"none","null","cfa","global",42,2000
2,5,"symmetric",1000,2,"delta",0,"none","null","cfa","global",43,2000
3,5,"symmetric",1000,2,"delta",0,"none","null","cfa","global",44,2000
2,2,"symmetric",400,2,"theta",0,"none","null","cfa","global",45,2000
3,2,"symmetric",400,2,"theta",0,"none","null","cfa","global",46,2000
2,5,"symmetric",400,2,"theta",0,"none","null","cfa","global",47,2000
3,5,"symmetric",400,2,"theta",0,"none","null","cfa","global",48,2000
2,2,"symmetric",1000,2,"theta",0,"none","null","cfa","global",49,2000
3,2,"symmetric",1000,2,"theta",0,"none","null","cfa","global",50,2000
2,5,"symmetric",1000,2,"theta",0,"none","null","cfa","global",51,2000
3,5,"symmetric",1000,2,"theta",0,"none","null","cfa","global",52,2000
2,2,"symmetric",400,2,"theta",0,"metric","null","cfa","nested",53,2000
3,2,"symmetric",400,2,"theta",0,"metric","null","cfa","nested",54,2000
2,5,"symmetric",400,2,"theta",0,"metric","null","cfa","nested",55,2000
3,5,"symmetric",400,2,"theta",0,"metric","null","cfa","nested",56,2000
2,2,"symmetric",1000,2,"theta",0,"metric","null","cfa","nested",57,2000
3,2,"symmetric",1000,2,"theta",0,"metric","null","cfa","nested",58,2000
2,5,"symmetric",1000,2,"theta",0,"metric","null","cfa","nested",59,2000
3,5,"symmetric",1000,2,"theta",0,"metric","null","cfa","nested",60,2000
2,2,"symmetric",400,2,"theta",0.3,"metric","null","cfa","nested",61,2000
3,2,"symmetric",400,2,"theta",0.3,"metric","null","cfa","nested",62,2000
2,5,"symmetric",400,2,"theta",0.3,"metric","null","cfa","nested",63,2000
3,5,"symmetric",400,2,"theta",0.3,"metric","null","cfa","nested",64,2000
2,2,"symmetric",1000,2,"theta",0.3,"metric","null","cfa","nested",65,2000
3,2,"symmetric",1000,2,"theta",0.3,"metric","null","cfa","nested",66,2000
2,5,"symmetric",1000,2,"theta",0.3,"metric","null","cfa","nested",67,2000
3,5,"symmetric",1000,2,"theta",0.3,"metric","null","cfa","nested",68,2000
2,2,"symmetric",400,2,"theta",0,"thresholds","null","cfa","nested",69,2000
3,2,"symmetric",400,2,"theta",0,"thresholds","null","cfa","nested",70,2000
2,5,"symmetric",400,2,"theta",0,"thresholds","null","cfa","nested",71,2000
3,5,"symmetric",400,2,"theta",0,"thresholds","null","cfa","nested",72,2000
2,2,"symmetric",1000,2,"theta",0,"thresholds","null","cfa","nested",73,2000
3,2,"symmetric",1000,2,"theta",0,"thresholds","null","cfa","nested",74,2000
2,5,"symmetric",1000,2,"theta",0,"thresholds","null","cfa","nested",75,2000
3,5,"symmetric",1000,2,"theta",0,"thresholds","null","cfa","nested",76,2000
2,2,"symmetric",400,2,"theta",0.3,"thresholds","null","cfa","nested",77,2000
3,2,"symmetric",400,2,"theta",0.3,"thresholds","null","cfa","nested",78,2000
2,5,"symmetric",400,2,"theta",0.3,"thresholds","null","cfa","nested",79,2000
3,5,"symmetric",400,2,"theta",0.3,"thresholds","null","cfa","nested",80,2000
2,2,"symmetric",1000,2,"theta",0.3,"thresholds","null","cfa","nested",81,2000
3,2,"symmetric",1000,2,"theta",0.3,"thresholds","null","cfa","nested",82,2000
2,5,"symmetric",1000,2,"theta",0.3,"thresholds","null","cfa","nested",83,2000
3,5,"symmetric",1000,2,"theta",0.3,"thresholds","null","cfa","nested",84,2000
2,2,"symmetric",150,1,"delta",0,"none","null","cfa","coverage",85,2000
2,5,"symmetric",150,1,"delta",0,"none","null","cfa","coverage",86,2000
2,2,"symmetric",300,1,"delta",0,"none","null","cfa","coverage",87,2000
2,5,"symmetric",300,1,"delta",0,"none","null","cfa","coverage",88,2000
2,2,"symmetric",1000,1,"delta",0,"none","null","cfa","coverage",89,2000
2,5,"symmetric",1000,1,"delta",0,"none","null","cfa","coverage",90,2000
2,2,"symmetric",150,1,"delta",0.2,"none","null","cfa","coverage",91,2000
2,5,"symmetric",150,1,"delta",0.2,"none","null","cfa","coverage",92,2000
2,2,"symmetric",300,1,"delta",0.2,"none","null","cfa","coverage",93,2000
2,5,"symmetric",300,1,"delta",0.2,"none","null","cfa","coverage",94,2000
2,2,"symmetric",1000,1,"delta",0.2,"none","null","cfa","coverage",95,2000
2,5,"symmetric",1000,1,"delta",0.2,"none","null","cfa","coverage",96,2000
2,2,"symmetric",150,1,"delta",0.4,"none","null","cfa","coverage",97,2000
2,5,"symmetric",150,1,"delta",0.4,"none","null","cfa","coverage",98,2000
2,2,"symmetric",300,1,"delta",0.4,"none","null","cfa","coverage",99,2000
2,5,"symmetric",300,1,"delta",0.4,"none","null","cfa","coverage",100,2000
2,2,"symmetric",1000,1,"delta",0.4,"none","null","cfa","coverage",101,2000
2,5,"symmetric",1000,1,"delta",0.4,"none","null","cfa","coverage",102,2000
2,2,"symmetric",150,1,"delta",0,"none","null","sem","coverage",103,2000
2,5,"symmetric",150,1,"delta",0,"none","null","sem","coverage",104,2000
2,2,"symmetric",300,1,"delta",0,"none","null","sem","coverage",105,2000
2,5,"symmetric",300,1,"delta",0,"none","null","sem","coverage",106,2000
2,2,"symmetric",1000,1,"delta",0,"none","null","sem","coverage",107,2000
2,5,"symmetric",1000,1,"delta",0,"none","null","sem","coverage",108,2000
2,2,"symmetric",150,1,"delta",0.2,"none","null","sem","coverage",109,2000
2,5,"symmetric",150,1,"delta",0.2,"none","null","sem","coverage",110,2000
2,2,"symmetric",300,1,"delta",0.2,"none","null","sem","coverage",111,2000
2,5,"symmetric",300,1,"delta",0.2,"none","null","sem","coverage",112,2000
2,2,"symmetric",1000,1,"delta",0.2,"none","null","sem","coverage",113,2000
2,5,"symmetric",1000,1,"delta",0.2,"none","null","sem","coverage",114,2000
2,2,"symmetric",150,1,"delta",0.4,"none","null","sem","coverage",115,2000
2,5,"symmetric",150,1,"delta",0.4,"none","null","sem","coverage",116,2000
2,2,"symmetric",300,1,"delta",0.4,"none","null","sem","coverage",117,2000
2,5,"symmetric",300,1,"delta",0.4,"none","null","sem","coverage",118,2000
2,2,"symmetric",1000,1,"delta",0.4,"none","null","sem","coverage",119,2000
2,5,"symmetric",1000,1,"delta",0.4,"none","null","sem","coverage",120,2000
2,2,"symmetric",300,2,"theta",0.2,"none","null","cfa","coverage",121,2000
2,5,"symmetric",300,2,"theta",0.2,"none","null","cfa","coverage",122,2000
2,2,"symmetric",1000,2,"theta",0.2,"none","null","cfa","coverage",123,2000
2,5,"symmetric",1000,2,"theta",0.2,"none","null","cfa","coverage",124,2000
2,2,"symmetric",300,2,"theta",0.4,"none","null","cfa","coverage",125,2000
2,5,"symmetric",300,2,"theta",0.4,"none","null","cfa","coverage",126,2000
2,2,"symmetric",200,1,"delta",0.3,"none","power","cfa","global",127,1000
3,2,"symmetric",200,1,"delta",0.3,"none","power","cfa","global",128,1000
2,5,"symmetric",200,1,"delta",0.3,"none","power","cfa","global",129,1000
3,5,"symmetric",200,1,"delta",0.3,"none","power","cfa","global",130,1000
2,2,"symmetric",500,1,"delta",0.3,"none","power","cfa","global",131,1000
3,2,"symmetric",500,1,"delta",0.3,"none","power","cfa","global",132,1000
2,5,"symmetric",500,1,"delta",0.3,"none","power","cfa","global",133,1000
3,5,"symmetric",500,1,"delta",0.3,"none","power","cfa","global",134,1000
2,2,"symmetric",1000,1,"delta",0.3,"none","power","cfa","global",135,1000
3,2,"symmetric",1000,1,"delta",0.3,"none","power","cfa","global",136,1000
2,5,"symmetric",1000,1,"delta",0.3,"none","power","cfa","global",137,1000
3,5,"symmetric",1000,1,"delta",0.3,"none","power","cfa","global",138,1000
2,2,"symmetric",400,2,"theta",0,"metric","power","cfa","nested",139,1000
3,2,"symmetric",400,2,"theta",0,"metric","power","cfa","nested",140,1000
2,5,"symmetric",400,2,"theta",0,"metric","power","cfa","nested",141,1000
3,5,"symmetric",400,2,"theta",0,"metric","power","cfa","nested",142,1000
2,2,"symmetric",1000,2,"theta",0,"metric","power","cfa","nested",143,1000
3,2,"symmetric",1000,2,"theta",0,"metric","power","cfa","nested",144,1000
2,5,"symmetric",1000,2,"theta",0,"metric","power","cfa","nested",145,1000
3,5,"symmetric",1000,2,"theta",0,"metric","power","cfa","nested",146,1000
