"design","n","rep","seed","estimator","chart","start_id","profile","both_accepted","objective_gap","standardized_sigma_gap","matched"
"ernst",100,1,620370002,"ML","marker","native","default",TRUE,0,1.51487638697154e-14,TRUE
"ernst",100,1,620370002,"GLS","marker","native","default",TRUE,0,5.77077264629379e-16,TRUE
"ernst",100,1,620370002,"ML","sphere","native","default",TRUE,0,4.57925778105133e-09,TRUE
"ernst",100,1,620370002,"GLS","sphere","native","default",TRUE,6.24500451351651e-17,1.06485608713797e-09,TRUE
"ernst",100,1,620370002,"ML","marker","shared_fabin3","default",TRUE,4.44089209850063e-16,1.44313388102561e-15,TRUE
"ernst",100,1,620370002,"GLS","marker","shared_fabin3","default",TRUE,6.93889390390723e-18,6.92492717555255e-16,TRUE
"ernst",100,1,620370002,"ML","sphere","shared_fabin3","default",TRUE,4.44089209850063e-16,1.06283993104355e-15,TRUE
"ernst",100,1,620370002,"GLS","sphere","shared_fabin3","default",TRUE,2.08166817117217e-17,2.22140580365233e-11,TRUE
"ernst",100,1,620370002,"ML","marker","shared_layered","default",TRUE,4.44089209850063e-16,1.53562811829992e-14,TRUE
"ernst",100,1,620370002,"GLS","marker","shared_layered","default",TRUE,0,5.77077264629379e-16,TRUE
"ernst",100,1,620370002,"ML","sphere","shared_layered","default",TRUE,8.88178419700125e-16,1.03758656641886e-15,TRUE
"ernst",100,1,620370002,"GLS","sphere","shared_layered","default",TRUE,6.93889390390723e-18,1.16271328080958e-10,TRUE
"ernst",100,1,620370002,"ML","marker","native","lbfgs_tight",TRUE,0,1.51487638697154e-14,TRUE
"ernst",100,1,620370002,"GLS","marker","native","lbfgs_tight",TRUE,6.93889390390723e-18,3.63818024722448e-16,TRUE
"ernst",100,1,620370002,"ML","sphere","native","lbfgs_tight",TRUE,0,4.57925778105133e-09,TRUE
"ernst",100,1,620370002,"GLS","sphere","native","lbfgs_tight",TRUE,6.93889390390723e-18,2.94359260382438e-10,TRUE
"ernst",100,1,620370002,"ML","marker","shared_fabin3","lbfgs_tight",TRUE,4.44089209850063e-16,1.44313388102561e-15,TRUE
"ernst",100,1,620370002,"GLS","marker","shared_fabin3","lbfgs_tight",TRUE,6.93889390390723e-18,4.1927173768261e-16,TRUE
"ernst",100,1,620370002,"ML","sphere","shared_fabin3","lbfgs_tight",TRUE,4.44089209850063e-16,1.06283993104355e-15,TRUE
"ernst",100,1,620370002,"GLS","sphere","shared_fabin3","lbfgs_tight",TRUE,6.93889390390723e-18,6.22551939851318e-16,TRUE
"ernst",100,1,620370002,"ML","marker","shared_layered","lbfgs_tight",TRUE,4.44089209850063e-16,1.53562811829992e-14,TRUE
"ernst",100,1,620370002,"GLS","marker","shared_layered","lbfgs_tight",TRUE,6.93889390390723e-18,3.63818024722448e-16,TRUE
"ernst",100,1,620370002,"ML","sphere","shared_layered","lbfgs_tight",TRUE,8.88178419700125e-16,1.03758656641886e-15,TRUE
"ernst",100,1,620370002,"GLS","sphere","shared_layered","lbfgs_tight",TRUE,1.38777878078145e-17,4.61661811703503e-16,TRUE
"ernst",100,1,620370002,"ML","marker","native","port",TRUE,0,5.31419965521774e-16,TRUE
"ernst",100,1,620370002,"GLS","marker","native","port",TRUE,1.38777878078145e-17,6.92492717555255e-16,TRUE
"ernst",100,1,620370002,"ML","sphere","native","port",TRUE,2.35367281220533e-13,5.42148797279974e-07,TRUE
"ernst",100,1,620370002,"GLS","sphere","native","port",TRUE,3.19189119579733e-16,4.60711755506495e-10,TRUE
"ernst",100,1,620370002,"ML","marker","shared_fabin3","port",TRUE,4.44089209850063e-16,1.09145407416735e-15,TRUE
"ernst",100,1,620370002,"GLS","marker","shared_fabin3","port",TRUE,6.93889390390723e-18,4.61661811703503e-16,TRUE
"ernst",100,1,620370002,"ML","sphere","shared_fabin3","port",TRUE,4.44089209850063e-16,7.69923930930714e-16,TRUE
"ernst",100,1,620370002,"GLS","sphere","shared_fabin3","port",TRUE,1.38777878078145e-17,4.61661811703503e-16,TRUE
"ernst",100,1,620370002,"ML","marker","shared_layered","port",TRUE,0,5.31419965521774e-16,TRUE
"ernst",100,1,620370002,"GLS","marker","shared_layered","port",TRUE,1.38777878078145e-17,6.92492717555255e-16,TRUE
"ernst",100,1,620370002,"ML","sphere","shared_layered","port",TRUE,8.88178419700125e-16,4.15034626567546e-15,TRUE
"ernst",100,1,620370002,"GLS","sphere","shared_layered","port",TRUE,6.93889390390723e-18,5.24089672103263e-16,TRUE
"ernst",100,1,620370002,"ML","marker","native","port_tight",TRUE,0,5.31419965521774e-16,TRUE
"ernst",100,1,620370002,"GLS","marker","native","port_tight",TRUE,1.38777878078145e-17,6.92492717555255e-16,TRUE
"ernst",100,1,620370002,"ML","sphere","native","port_tight",TRUE,2.35367281220533e-13,5.42148797279974e-07,TRUE
"ernst",100,1,620370002,"GLS","sphere","native","port_tight",TRUE,3.19189119579733e-16,4.60711755506495e-10,TRUE
"ernst",100,1,620370002,"ML","marker","shared_fabin3","port_tight",TRUE,4.44089209850063e-16,1.09145407416735e-15,TRUE
"ernst",100,1,620370002,"GLS","marker","shared_fabin3","port_tight",TRUE,6.93889390390723e-18,4.61661811703503e-16,TRUE
"ernst",100,1,620370002,"ML","sphere","shared_fabin3","port_tight",TRUE,4.44089209850063e-16,7.69923930930714e-16,TRUE
"ernst",100,1,620370002,"GLS","sphere","shared_fabin3","port_tight",TRUE,1.38777878078145e-17,4.61661811703503e-16,TRUE
"ernst",100,1,620370002,"ML","marker","shared_layered","port_tight",TRUE,0,5.31419965521774e-16,TRUE
"ernst",100,1,620370002,"GLS","marker","shared_layered","port_tight",TRUE,1.38777878078145e-17,6.92492717555255e-16,TRUE
"ernst",100,1,620370002,"ML","sphere","shared_layered","port_tight",TRUE,8.88178419700125e-16,4.15034626567546e-15,TRUE
"ernst",100,1,620370002,"GLS","sphere","shared_layered","port_tight",TRUE,6.93889390390723e-18,5.24089672103263e-16,TRUE
