point_id,case_id,estimator,chart,target,reference_distance,reference_positive,reference_domain,reference_total_objective,objective_agrees,matrix_error,vector_error,curvature_error,source_status,bounds_covers,curvature_lower_covers,interval_covers,wrong_decision,decision,selected_status,legacy_passed,selected_passed
1,1,ULS,marker,0,0.00000509328549272682559934344296319658372688059257990488210080240512895005059215517215635769763,True,True,2.30496022502030272376579083066828715240583730441144542061786650271416405312329105015361159,True,0.000000000000000980146242271172986944310867659706975423402532671443874175562712620812707832507644320777168,0.00000000000000418087317382306066714821396007031914550825068155475904047151858447286738813240265515341098,0.000000000578411498985925794813487378265858899404026925840487767144796215434353621824613814937177503,available,True,True,True,False,within_budget,passed,TRUE,TRUE
2,1,ULS,sphere,0,0.000000261314771227997642878685184468136237190652724549958065404125281332620250548347359853321922,True,True,2.30496022496862897416388776865158205777159994479148815947464454965174764835053959159360378,True,0.000000000000000792998312385394001754942713665367769581156070502776813171967766433953721910360213163752095,0.0000000000000117807022018134082534435023178055488759503987304872388901437179029498771959672394579461962,0.00000000000032647705738711684745667441237449134200520926432435943999659014454340022005038277345550236,available,True,True,True,False,within_budget,passed,TRUE,TRUE
4,1,ULS,marker,0,nan,False,True,2.33900360216080880457954397769666961282987388514631124659149416716662052060507345491005788,True,+inf,+inf,+inf,nonpositive_curvature,True,True,True,False,unresolved,failed,FALSE,FALSE
5,1,ULS,sphere,0,0.130907051372174647668337549121887312642545610773084199502457061108138801159658246664781637,True,True,2.32690658010244318039461621216164935092442391051325553723028079905215405160024494080021587,True,0.000000000000000826672938308037468803021495933129346143217189197868028464338204089385441388879312900892295,0.0000000000743689719702012318324438387176942477538588436173794778121901390718674357256208275116362311,0.0000000308348846349899169684012279468988888605830859965425163676141452876178561989516553704142445,available,True,True,True,False,above_budget,failed,FALSE,FALSE
9,1,ULS,sphere,0,0.0000000309023779288657791056890517078480242331422622190128385228724618523645973015924333245426084,True,True,2.30496022496858186035616496924071439778784982841364844538965088383561792728082814931166062,True,0.000000000000000825570631563424418276669607270491078456677894270322023595291826026984585007597581042131122,0.00000000000000538389384538841718877608210220544962483441152309199035656796111581824881352190984701159704,0.000000000000243977851452896924059514493181049846821730490815596770265629571188376169106758343763614976,available,True,True,True,False,within_budget,passed,TRUE,TRUE
3,1,ULS,sphere,0,0.000000013857435709782723050833562460179281919715212717937692128903185776104621652477328263395828,True,True,2.30496022496858135444325536234396887922988387497911112229813252150580528205724846697058495,True,0.000000000000000921623385157335165654975253048160052412243408355219602996995813696802478495958939668271129,0.00000000000000143198330422939202147859822391948360150050894839292594873260805591074700207125290175825361,0.000000000000275338334551984155532021726958600649232296740699809042261615379156155173160796642731820781,available,True,True,True,False,within_budget,passed,TRUE,TRUE
14,2,ULS,marker,0,nan,False,True,2.81977717536175257628607994782419814939260072157271489594755504331916769663048914283872148,True,+inf,+inf,+inf,nonpositive_curvature,True,True,True,False,unresolved,failed,FALSE,FALSE
15,2,ULS,sphere,0,0.974082756581411324152908546267511634136949794592612849252893515991899928111888137548726895,True,True,2.81677582592681288199250759422251482351588700765552015585437880349149904864224368118275407,True,0.00000000000000105720556280091040177286454857433783513263664091899678881197350027351186904369978577801414,0.0000000000483950663556187945673322776342342968206283378430545585856882669034201095908728680962879881,0.0000000689197630807060415502810046399665723632572196329236396802174344275936599650646555747051418,available,True,True,True,False,above_budget,failed,FALSE,FALSE
17,2,ULS,marker,0,0.000000202270530631830910061529626445748877058750554148093634310686325011104356228579426449807129,True,True,2.02983215105754888669994432610895542534246847843143729757287158242081057464271151683931504,True,0.00000000000000122275004281339823380147594474941361012858932855512390370083135272055923266073393479723727,0.00000000000000150818717439002839498663260102465839355224912767652749643227309992110794681655938864734548,0.0000000000000208332899216923462287531583774278179449325944242657038590119911731594232234838359282379874,available,True,True,True,False,within_budget,passed,TRUE,TRUE
18,2,ULS,sphere,0,0.000000147601265979192745903877374824702674364673121259048840015070351455007059662993189509264655,True,True,2.02983215105753079948882762921281134310834012969419943118524340237654256825141478466495209,True,0.000000000000000894332423632009770851797875855563690587804137648060871557922142630844527583959885397804133,0.00000000000000228568349731098139306883482243775216001950669753206916370725850790958999847873751191147869,0.00000000000000845701473704936422466209956538027322461482193744720166399028882740979512654563955474793469,available,True,True,True,False,within_budget,passed,TRUE,TRUE
19,2,ULS,marker,0,0.000000684101121642408243712306682200375389653221840271122097650276694892887113544184939245346782,True,True,2.02983215105809168925525229098040766554303935431906462880186332224165138197698265370802368,True,0.00000000000000110043594160258952794556695372048318301125831562052156074874871193668818810977096555485369,0.000000000000000958386745425714829601418852478688091604239898589600312444527373474894810102030052339587212,0.0000000000000297911399840470860332058528247942687244955449650670617258099318235725387207807456690701792,available,True,True,True,False,within_budget,passed,TRUE,TRUE
20,2,ULS,sphere,0,0.000000361533349366124281818935377690845065839087036240003522634524221889276567919133875577868094,True,True,2.02983215105759277970857812908239203919561069254644547957948288424707724392088027682029784,True,0.000000000000000877797329036985103515232500286162951858350247980366606585018901243455082556318636533050809,0.00000000000000232615460702443895897844021184585702210300523935265584103572149123155882914396947567532386,0.00000000000000656195988334610807615469215206636937218275019891823358203576254447872272423397239799295504,available,True,True,True,False,within_budget,passed,TRUE,TRUE
27,3,ULS,marker,0,nan,False,True,8.36187353400380115889729251373220613517996890922030287118970620132974076223473984571642038,True,+inf,+inf,+inf,nonpositive_curvature,True,True,True,False,unresolved,failed,FALSE,FALSE
28,3,ULS,sphere,0,0.793343536967087337548030224771602323824996519421415762026592968767807633605607800964493468,True,True,8.35393002447507986100631416821838797910645506336154039096687661025049977221408138631738567,True,0.000000000000000820394933116955145566424221562099662693984829486660178046469714317605384333468731227426326,0.0000000000342021587374915541898816379686792962970652736431824423045396575926260558132440360557200934,0.0000000251521720412200997289033820573006973825154849118481614928390996670607285302860590971292262,available,True,True,True,False,above_budget,failed,FALSE,FALSE
30,3,ULS,marker,0,nan,False,True,8.36192683009383582704878057667780584306324582486917393579377497886343387081669394241814584,True,+inf,+inf,+inf,nonpositive_curvature,True,True,True,False,unresolved,failed,FALSE,FALSE
31,3,ULS,sphere,0,0.793342146061497533756085697433259769018450773837565264061420925753382778845275298495394951,True,True,8.35392554937539448677002321949457971604945176410456868562155731706242115529867718665320466,True,0.000000000000000752416315257269966214374352293189729220892688361229112218791604394061744731233161723318061,0.0000000000000976828746701867818742154195352612953058413716298783353575602666899023855908431701271967482,0.00000000441221672102260495908049157992706353093578635950828953206881450797300949127052510676328837,available,True,True,True,False,above_budget,failed,FALSE,FALSE
36,3,ULS,marker,0,0.000000527650552758749230321145706068868283063169912814123092686485255994770579358147197129804011,True,True,5.95488685584692109795274249424035157888415245121463085028686225190386821661749267408319179,True,0.00000000000000065644348185338455402666853818611399062505041092715569498005791655650947366095447512702869,0.00000000000000109722132937450430963739581191202092119322727475267685079597730028496781811365050269243205,0.0000000000000113841171941445952858420371818805402789146691294589234909134848633488974971976876885338144,available,True,True,True,False,within_budget,passed,TRUE,TRUE
37,3,ULS,sphere,0,0.000000362826687385176537205684555776051046326985136528151703893650904468832853850103292414510051,True,True,5.95488685584677092615035216393469578464095195836680185592422834865580913507753170741061987,True,0.000000000000000775984606232097657075834432990237538815470282504349367728636265460386404770689110614901759,0.00000000000000244494998251855972241352611056940917478462763718837427858540598431944279117037413738065983,0.00000000000000327161897736683862325822749858604739834719008954130797949700110487825433515164760920926458,available,True,True,True,False,within_budget,passed,TRUE,TRUE
40,4,ULS,marker,0,0.0000030266889538787235270677213779444557174339255804846740998389116262927458972872824720480889,True,True,5.16652001511616483904485404818427631787461703655037558963762596360565691591288230198843229,True,0.000000000000000563066748068024863625384243189864625131761585001883043428937925795377759721689687496698772,0.00000000000000158839870532240405479903102796849890480035286705682786659374357113573928635721911996384609,0.00000000000000766379050336054404585675209110972658727522974783189552188441366875145922825374879707922713,available,True,True,True,False,within_budget,passed,TRUE,TRUE
41,4,ULS,sphere,0,0.00000000404453647715369420795063658488963176169734216209652452450797512995985550045754592206575285,True,True,5.16652001510935812117228077734325441099208499506482275077538078737425315152971757544826316,True,0.000000000000000699001999359401906853022490222679285988907695313976312272478293764916215155492721179806792,0.00000000000000127823391465186830545602007663348806662067803823842714462796922777747388233621932282717859,0.00000000000000195147262229872360819844249660442429978274719002925433358838327363659448687448601041142926,available,True,True,True,False,within_budget,passed,TRUE,TRUE
43,4,ULS,marker,0,0.000000915095847336109319941321959469432794164716342802765233278012742591924949768322158790940509,True,True,5.16652001511018937673340042640685271341956727612616955902489593634981772913063414385926471,True,0.000000000000000598664887542656211409476055277612338354746253914580039141897692700719099456968055017880612,0.00000000000000185104161764818664770876012326526743306944075878114492561823092846706318809429887160435739,0.0000000000000105180745048077305202841245259604844834591176903453282610561334601597742362383693883113839,available,True,True,True,False,within_budget,passed,TRUE,TRUE
44,4,ULS,sphere,0,0.00000014437789502659332289339678050900835208859918292486855935396178441871434355148432259702389,True,True,5.16652001510938078640530175914054160604401059504102719589164326396851404016935978590172951,True,0.0000000000000006574819147657858991500802496637947357330876876517011222490620110952090978875826909118315,0.0000000000000022328828709074758088114084136000589715209494015580137604164510755722059116772888767000891,0.00000000000000296265673115644912088223742110966255245867608967050131260262763263583647671599643510184258,available,True,True,True,False,within_budget,passed,TRUE,TRUE
45,4,ULS,marker,0,0.00000349723990573442942005028965595215324016949531000217925771068601998732902840148541399704165,True,True,5.16652001512096045435768350813641310878978642990956536006760745468045984014905109175567058,True,0.000000000000000586901910040823882386695394573615372189336037917818431726800769707076312513891112034048099,0.00000000000000132215312853234094135724987051790218623995254908053408077280354180394720196312362573621152,0.00000000000000515430166788495524021111434150729003592029962584329484135928553058488626150864615096085273,available,True,True,True,False,within_budget,passed,TRUE,TRUE
46,4,ULS,sphere,0,0.00000389246864816971765523213225720015152086764472886246550858771181246882058630441237498501086,True,True,5.16652001512007292812580734470963046755480295323569600956472239747231621075438706055943526,True,0.000000000000000651671499640317146158162800240368846293721138754889243888324723660086800475688795858489877,0.00000000000000203334477684223829718490934890780185787023714328392612867097183521434660672499308560554132,0.0000000000000025604132114816252137352738136830498370119657283335361959407269332927110597091440922734822,available,True,True,True,False,within_budget,passed,TRUE,TRUE
53,5,ULS,marker,0,0.0367269627736501740923486224247438755625392275789040724226422430134208236300576586568082679,True,True,5.71592577897176340657816560335963508764182899533100302131604251936512079686485007362373964,True,0.000000000000000784124109327218842192880977756358009101201545273685010159753419575461376715529067908700391,0.00000000000000194227224193821560727237175702626798798224194031450925443379454717680632835689920219243148,0.000000000000163077922957091122886238311399888832674470332562575228499491070647377029343673270923563054,available,True,True,True,False,above_budget,failed,FALSE,FALSE
54,5,ULS,sphere,0,0.0000000719518668666153585395968442958124956011123397853943150535554967204551096052561912339403787,True,True,5.71420675355960217629898274324075552985628975020087045298354602435288443857453861590438742,True,0.000000000000000924621209559226873089527572772852524588006839118722879093878666212558307879745683539204777,0.00000000000000249223742493981147184250745239865152821875885651402405001181498015861120908335454689047471,0.0000000000000056357902732230411015841638029865968261495947403314878254869473221323872122456143834326006,available,True,True,True,False,within_budget,passed,TRUE,TRUE
56,5,ULS,marker,0,0.0367151576586105629491604213402635143046631660057883270789322740483038844172533671392321984,True,True,5.71592457128922331577899767192829899137448346494306872860660244327132028189870303230888584,True,0.000000000000000918739286049081865719384975311146529432769016663986999443160498690926786359696183646890148,0.00000000000000130293916769238906128843029925565752031939583677189209155992593903992262334570478684018667,0.000000000000292760479225493970106211347992423416235722475992473551856785720324114176997487145140264697,available,True,True,True,False,above_budget,failed,FALSE,FALSE
57,5,ULS,sphere,0,0.0000000461345651472179083119830787728499673769090974779594973400585616519316020305689148640569577,True,True,5.71420675355959964374832893352013975763570331477731448963683149674890772032890826244717752,True,0.00000000000000098614127444132478354289964879369923984666817737727361385621566191879142695653258727753547,0.00000000000000191868619969527452919651498962846624340435459073163206281969565301040245324069807865671554,0.00000000000000434532215568426851167859456077226273249191689812026242399600233376649724851329851736221046,available,True,True,True,False,within_budget,passed,TRUE,TRUE
59,5,ULS,sphere,0,0.000000327359192081921025220647790803622328549293208796684178435123102321496786876486721672782767,True,True,5.71420675355970726724911848903225713421757238940255728735191922342881293957017037699755674,True,0.0000000000000008524001687752632553072151361641191807390869930345356037089713012259811060626924915038584,0.00000000000000211469356988347156476266089618669879175788404422462684706063418734363277398014380626864543,0.00000000000000460726586673646839760768868910323454168187932429302814277798797433071208498385813037587168,available,True,True,True,False,within_budget,passed,TRUE,TRUE
66,6,ULS,marker,0,nan,False,True,336.366814097862772403602802424086117043643789193720887600973098750456840284134253827633591,True,+inf,+inf,+inf,nonpositive_curvature,True,True,True,False,unresolved,failed,FALSE,FALSE
67,6,ULS,sphere,0,0.697248214284988764680063518155960387837712117811625838503251039905889148566340932527189505,True,True,252.852890831760525706555971747070565257620644959689137408471339403743740967862979191626413,True,0.00000000000000091026869047119240228595968322990867070032416070116824037850911287484979372567617234443985,0.00000000000837111709686743971865988848920684427667687309671426145131565364923152205766566978144505253,0.000000465896654646335504228343045978223866098329738967370948453608733108688385443140957855460255,available,True,True,True,False,unresolved,unchecked,FALSE,FALSE
69,6,ULS,marker,0,nan,False,True,319.760714929797626447939615838422186948435652846962486129335318942488326847005303071574701,True,+inf,+inf,+inf,nonpositive_curvature,True,True,True,False,unresolved,failed,FALSE,FALSE
70,6,ULS,sphere,0,0.697289203662268166910072774037084870872270853065656077596085251456283434081652778038432965,True,True,252.882464097022368357254362856275298381596810262358110530736353947795314537694220500007426,True,0.000000000000000691555376558030732367761191936718775417149048237721233179642348540629447515595153062742606,0.00000000000238111650549598703658627583528861347581844142219118663967767277066143821753715490972015688,0.00000023318395309823396159905828887564164132140857609297958782049986424273922155117691394726744,available,True,True,True,False,unresolved,unchecked,FALSE,FALSE
75,6,ULS,marker,0,0.00000000174385973439585999269039855682683392173113140111341719810103907358851875655397702755704839,True,True,4.46055136522949230532285759901134249180978705462074820695272123027026852265824778174666407,True,0.000000000000000785034616606569469579041980601445114206621633519287572632632117196476438326669096812769844,0.00000000000000387399046569370069561205263122520446667885070740505897784602360656734711904201466662314697,0.000000000905605109175817016186776444161466438278531724802710730893812842356707560679206813532228482,available,True,True,True,False,within_budget,passed,FALSE,TRUE
76,6,ULS,sphere,0,0.0000000000000620520076822459013911035016794853872732336189342584253388535303488732447983284174474117767,True,True,4.46055136522949215206973242054082983640622266729375371810953136705227806684143697763366873,True,0.00000000000000105153882157874681539906874460009322758700585278056513671124252373399364196028942937388846,0.00000000000000568290041835203230643482189684011861607931721140409469893833470018354201066265704489337541,0.0000000146740689336444456541304131261646949393351975430919010172505277092322645205809480454805772,available,True,True,True,False,within_budget,passed,FALSE,TRUE
79,7,ULS,marker,0,nan,False,True,511.433059570567139175912785425727694418339009097745057005908783990956645151195366391506527,True,+inf,+inf,+inf,nonpositive_curvature,True,True,True,False,unresolved,failed,FALSE,FALSE
80,7,ULS,sphere,0,0.517712579172145275908174072364321429506245155576530258969348676677767444989531625999654162,True,True,111.386478170312901831713966949705274651226701632350560943610131670575963303992280394003711,True,0.000000000000000901781211065260466879296185467418076476424238651884104528898580931437804035402920488856923,0.00000000000115243943183012030836107336025677038494271877180060066015576252952999900424011028350184425,0.0000000760100213612410986949636647986205121180480360887551953881422208003339621761233017476124164,available,True,True,True,False,above_budget,failed,FALSE,FALSE
82,7,ULS,marker,0,nan,False,True,390.626426238513993654975028035881125049077330928760083247840956209681171072014166094232496,True,+inf,+inf,+inf,nonpositive_curvature,True,True,True,False,unresolved,failed,FALSE,FALSE
83,7,ULS,sphere,0,0.513635013467206911739953049930594119962020988967251893130264124769870524567227028434910144,True,True,109.781788198392181070294659221575816545877207708849934210532018236583265566645321538901853,True,0.000000000000000786921055781890989079628670566930147976969558597192186416535939841165506597431949687946975,0.00000000000394101279679603837723199388610525468489644515695126776132534832776823508485453331354813985,0.000000063819907517175203826531247676936036441216483548868266379204965397639840897059917371238624,available,True,True,True,False,unresolved,unchecked,FALSE,FALSE
88,7,ULS,marker,0,nan,False,True,19.7212631039407299648342573549570050745791813727604714199121410637207387422687290140189166,True,+inf,+inf,+inf,nonpositive_curvature,True,True,True,False,unresolved,failed,FALSE,FALSE
89,7,ULS,sphere,0,0.00000000000624009443025912101991801539277006065936461569900728584385385142436773768592209221032628141,True,True,8.41110582836702442590707902879714343934189362847171666569537166462381757743343504103925112,True,0.000000000000000713929650580216858910543113184917481348216684732408298152898014713302235038289821006971015,0.00000000000000595835484999458865741773578323402517623055432420093561459960821579166842403805615565414028,0.0000000261624012060274901267002980217691032416514292361800399621931724790166269459540581036438473,available,True,True,True,False,within_budget,passed,FALSE,TRUE
92,8,ULS,marker,0,nan,False,True,4.48202951256654566248623253005750663824527733804879209167861375893392035670535973342169702,True,+inf,+inf,+inf,nonpositive_curvature,True,True,True,False,unresolved,failed,FALSE,FALSE
93,8,ULS,sphere,0,0.0000000000000247420931988841569542708556226116827086602593486864388343552432083148812200079296255740662,True,True,3.11338782998059949098208104029165356174089426611109584113537357780580079757539284876368491,True,0.000000000000000623827756569250635355515039217525340589761187060251134721139107439275848112525407931438503,0.00000000000000262437209743749513466417414371963023097932714637917410431958394015531243003725351889083758,0.0000000110035381301300171701832573662280818101736527344157541671654350372734468894760795594019322,available,True,True,True,False,within_budget,passed,FALSE,TRUE
95,8,ULS,marker,0,nan,False,True,3.18986438634755242680473437273076647687686863118254991281832277974391155576461010002262106,True,+inf,+inf,+inf,nonpositive_curvature,True,True,True,False,unresolved,failed,FALSE,FALSE
96,8,ULS,sphere,0,0.0000000000375742487568357892546045266665759453722994425430814384288612869929342996873421249535881463,True,True,3.11338782998059949099151120346606662030751684936727150940283034769351367457275193967355337,True,0.000000000000000692670846090442921559020839344187440034898229795465465463468048477522408642584508896027517,0.00000000000000205012236166525839984712473070197775176510584909975771857077908925412267032395439105367517,0.0000000496260446601893905751223880042310375524996488105391232129104878654023251256184194343222156,available,True,True,True,False,within_budget,passed,FALSE,TRUE
97,8,ULS,marker,0,nan,False,True,3.18640361358539817300258299805376720240958725617056882145543918562693452726030473539595065,True,+inf,+inf,+inf,nonpositive_curvature,True,True,True,False,unresolved,failed,FALSE,FALSE
100,8,ULS,sphere,0,0.000000000500239259098112961986108658051610119466939946335973936443435970457556095038308310228162132,True,True,3.11338782998059950332599407899409650066650047739005022461413894583406961821207525354379064,True,0.000000000000000640159178669622638080649282385775848969600029950095450246172513811783593215255223611780361,0.00000000000000168545553986206527476032456880553447860370697381551783550576992862488820178924632975047071,0.00000000587578525065845870766563665315385449831874864798670515990286644706313664507651382728790443,available,True,True,True,False,within_budget,passed,FALSE,TRUE
105,9,ULS,marker,0,nan,False,True,124.158419121000753889763213761192334202206736103881634831843433474037951055841244363028105,True,+inf,+inf,+inf,nonpositive_curvature,True,True,True,False,unresolved,failed,FALSE,FALSE
106,9,ULS,sphere,0,0.00000192856483003220569070381030496825808207279973251070173624076327324520700385379516118295308,True,True,81.3923103121724316067828761544155307315773896393179779663542273225828592767132901835013036,True,0.00000000000000102747722662664238103013942575208309433468646703475058082566231696015594813556923267430773,0.00000000000000519926629739633910123417613485387859158084948130789001841237607590985197126689269905771515,0.0000000497908395620616390173015093332851109589364727264305950294809257771289912219956309914725895,available,True,True,True,False,within_budget,passed,FALSE,TRUE
108,9,ULS,marker,0,nan,False,True,93.1603046419798064485690779318308647239826572220392428002794447231000898867202705331506708,True,+inf,+inf,+inf,nonpositive_curvature,True,True,True,False,unresolved,failed,FALSE,FALSE
109,9,ULS,sphere,0,0.000000137915071302444365277593347378159323074611365295421314631207836150631569590239659429346341,True,True,81.3923103121035781508465689862475153327832928213151503071716486748295648319783298547606822,True,0.000000000000000910664574431837889803497885968042617582685682905619989269221673209774312092145279124471689,0.00000000000000629337096956448324344039689590885185094652197690947834939493586481868832786698711638546858,0.0000000946105317023623092866955418231415332237078207354437139063572460466979463831989173139609069,available,True,True,True,False,within_budget,passed,FALSE,TRUE
113,9,ULS,sphere,0,0.0000000989906187998707187828726844870407657373325986906399494989422267724329819369048331188171356,True,True,81.3923103121034011657720743316248436182691828931261729253041278585778603444929774963587156,True,0.000000000000000903571270801179804778516989705741798605593492122471895874678952174450742117572479115672869,0.00000000000000314346952481430741138608158493256228620720512452367359412933680796561069374823971208199154,0.0000000283540165012119378695567401138317553474083929788838983604467341434224301457261739725804131,available,True,True,True,False,within_budget,passed,FALSE,TRUE
118,10,ULS,marker,0,nan,False,True,2807.2552483297468383628292322585187981585491926003571341793756097426618029498880682040586,True,+inf,+inf,+inf,nonpositive_curvature,True,True,True,False,unresolved,failed,FALSE,FALSE
119,10,ULS,sphere,0,0.00000000514850610272429736948352036929902779702362715231735579186639149394670602015570785418575406,True,True,10.4785221381964809323829951858703573155222147136015475141298125122280263030654631869740055,True,0.00000000000000116202440808991416231967716864949432548314382433948536207992341012466891491987354081518273,0.00000000000000448872771885826493247547168151033881301727085754452939052009624123838699747189943380020957,0.0000000195904220432402759762575642714259343449607190430529719147091047928258131746756730929899604,available,True,True,True,False,within_budget,passed,FALSE,TRUE
121,10,ULS,marker,0,nan,False,True,2802.97002495649986453935229864436816097318715524391859787007536554400170540491424802773315,True,+inf,+inf,+inf,nonpositive_curvature,True,True,True,False,unresolved,failed,FALSE,FALSE
122,10,ULS,sphere,0,0.00000000273550816610534203367283956016142203341510937751302277586302910336134082693989513959918397,True,True,10.4785221381964807007020343279067765823502539059024044479191340054177075985030298646775488,True,0.00000000000000138858620289360022153957985869410589016993730235328116121365831966581405758599662362550363,0.00000000000000246344954323738241055585365992472135615444438603118360762560041279577405216283737284329589,0.000000022190609489468336410216667704953275312584128703968568680659516653122331079425805162730814,available,True,True,True,False,within_budget,passed,FALSE,TRUE
125,10,ULS,marker,0,0.0000000022983895860504441300367707565365404739747945702468425161402745634831298068800196295726615,True,True,10.4785221381964806905146188435698777159097677382703165028904247198597657482046270197318714,True,0.00000000000000112714485894082372805409230656805091920510807978490706797073766896286260139388348309307162,0.00000000000000347282492398447542288229350403712853448370871706276603154067174686574542864571609025021113,0.0000000276231795356929665089227023362240696367945349807158263596821464175685121978349861732900732,available,True,True,True,False,within_budget,passed,FALSE,TRUE
124,10,ULS,sphere,0,0.00000000221012284941481362827192937518517355010513301759930097860551749100698861032734655662192344,True,True,10.4785221381964806730404336013018168048524196518265808489298218512030968924029551191453388,True,0.00000000000000120894481856274283324917410275220248518019892701831745480071749272341776223049371556687047,0.00000000000000325170799110550745613631122571247965667255296128274546504059412214851930591490489324273786,0.00000000740233325969307791227372496679797569861075347170475192836073035588097805988651400763819741,available,True,True,True,False,within_budget,passed,FALSE,TRUE
