"key","value"
"phase","fresh"
"tasks","60"
"designs","ernst,weak_marker,high_r2"
"strength","0.5"
"starts","canonical,spectral_positive,spectral_negative_x,spectral_negative_y,spectral_negative_xy"
"source_pilot","reference-pilot"
"seed_rule","902609281 + design_index*100000 + N*100 + rep"
"git_head","9e63d1c55ded810637d66cc6da9d68c1d54e029b"
"git_dirty","TRUE"
"magmaanlab_built","R 4.6.1; x86_64-pc-linux-gnu; 2026-09-27 06:29:42 UTC; unix"
"R_version","R version 4.6.1 (2026-06-24)"
"command","/opt/R/4.6.1/lib/R/bin/exec/R --no-echo --no-restore --file=experiments/engineering/15-sphere-reference-fits/scripts/tune_starts.R --args --phase fresh"
"magmaanlab_version","0.0.1"
