"cell_id","attempted","mean_seconds","mean_cpu_seconds","model","categories","shape","n"
1,1000,0.025182,0.026891,"ptsd8",2,"symmetric",250
2,1000,0.034946,0.035033,"mtmm9",2,"symmetric",250
3,1000,0.056385,0.055759,"coping12",2,"symmetric",250
4,1000,0.0874899999999999,0.085945,"bifactor15",2,"symmetric",250
5,1000,0.198628,0.1984,"long18",2,"symmetric",250
6,1000,2.175495,2.177407,"long30",2,"symmetric",250
7,1000,0.046312,0.047074,"worland11",2,"symmetric",250
8,1000,0.096625,0.096056,"mdd9",2,"symmetric",250
9,1000,0.077957,0.0786760000000001,"ptsd8",5,"symmetric",250
10,1000,0.095975,0.0956429999999999,"mtmm9",5,"symmetric",250
11,1000,0.186678,0.186803,"coping12",5,"symmetric",250
12,1000,0.274675,0.274853,"bifactor15",5,"symmetric",250
13,1000,0.666170000000001,0.665433,"long18",5,"symmetric",250
14,1000,5.655383,5.65585800000001,"long30",5,"symmetric",250
15,1000,0.141321,0.140876,"worland11",5,"symmetric",250
16,1000,0.344157,0.344372,"mdd9",5,"symmetric",250
17,1000,0.147283,0.147805,"ptsd8",7,"symmetric",250
18,1000,0.178997,0.177373,"mtmm9",7,"symmetric",250
19,1000,0.371745,0.371617,"coping12",7,"symmetric",250
20,1000,0.564436,0.565588999999999,"bifactor15",7,"symmetric",250
21,1000,1.212502,1.213865,"long18",7,"symmetric",250
23,1000,0.244566,0.243882,"worland11",7,"symmetric",250
24,1000,0.712649,0.712642000000001,"mdd9",7,"symmetric",250
25,1000,0.023256,0.024724,"ptsd8",2,"skewed",250
26,1000,0.0323800000000001,0.032436,"mtmm9",2,"skewed",250
27,1000,0.06141,0.061064,"coping12",2,"skewed",250
28,1000,0.084,0.0840189999999999,"bifactor15",2,"skewed",250
29,1000,0.190046,0.190062,"long18",2,"skewed",250
30,1000,1.851852,1.85069,"long30",2,"skewed",250
31,1000,0.044153,0.04455,"worland11",2,"skewed",250
32,1000,0.095454,0.095317,"mdd9",2,"skewed",250
33,1000,0.075457,0.075845,"ptsd8",5,"skewed",250
34,1000,0.0990989999999999,0.0981850000000001,"mtmm9",5,"skewed",250
35,1000,0.181544,0.179902,"coping12",5,"skewed",250
36,1000,0.295766,0.295168,"bifactor15",5,"skewed",250
37,1000,0.70193,0.702729,"long18",5,"skewed",250
38,1000,5.676219,5.675977,"long30",5,"skewed",250
39,1000,0.139981,0.140254,"worland11",5,"skewed",250
40,1000,0.34333,0.342411,"mdd9",5,"skewed",250
41,1000,0.136707,0.136767,"ptsd8",7,"skewed",250
42,1000,0.175926,0.176227,"mtmm9",7,"skewed",250
43,1000,0.359844,0.358954,"coping12",7,"skewed",250
44,1000,0.543739,0.543344,"bifactor15",7,"skewed",250
45,1000,1.227237,1.225783,"long18",7,"skewed",250
47,1000,0.235134,0.235897,"worland11",7,"skewed",250
48,1000,0.270089,0.270147,"mdd9",7,"skewed",250
49,1000,0.030119,0.030178,"ptsd8",2,"symmetric",500
50,1000,0.039473,0.039965,"mtmm9",2,"symmetric",500
51,1000,0.057933,0.059215,"coping12",2,"symmetric",500
52,1000,0.092213,0.0933249999999999,"bifactor15",2,"symmetric",500
53,1000,0.227654,0.228057,"long18",2,"symmetric",500
54,1000,2.208984,2.207875,"long30",2,"symmetric",500
55,1000,0.049392,0.048111,"worland11",2,"symmetric",500
56,1000,0.0938679999999999,0.0933969999999999,"mdd9",2,"symmetric",500
57,1000,0.084399,0.085275,"ptsd8",5,"symmetric",500
58,1000,0.103885,0.104452,"mtmm9",5,"symmetric",500
59,1000,0.19882,0.199516,"coping12",5,"symmetric",500
60,1000,0.325523,0.324621,"bifactor15",5,"symmetric",500
61,1000,0.695076,0.695121999999999,"long18",5,"symmetric",500
62,1000,5.737575,5.738762,"long30",5,"symmetric",500
63,1000,0.155541,0.156594,"worland11",5,"symmetric",500
64,1000,0.35143,0.35221,"mdd9",5,"symmetric",500
65,1000,0.143257,0.141452,"ptsd8",7,"symmetric",500
66,1000,0.192582,0.191837,"mtmm9",7,"symmetric",500
67,1000,0.421303,0.420217,"coping12",7,"symmetric",500
68,1000,0.594011,0.595256,"bifactor15",7,"symmetric",500
69,1000,1.275145,1.276769,"long18",7,"symmetric",500
71,1000,0.27168,0.271597,"worland11",7,"symmetric",500
72,1000,0.709578,0.709308000000001,"mdd9",7,"symmetric",500
73,1000,0.02777,0.027235,"ptsd8",2,"skewed",500
74,1000,0.037638,0.037745,"mtmm9",2,"skewed",500
75,1000,0.0640469999999999,0.06388,"coping12",2,"skewed",500
76,1000,0.101264,0.101241,"bifactor15",2,"skewed",500
77,1000,0.244942,0.245455,"long18",2,"skewed",500
78,1000,2.239085,2.240524,"long30",2,"skewed",500
79,1000,0.051586,0.050588,"worland11",2,"skewed",500
80,1000,0.094911,0.0954829999999999,"mdd9",2,"skewed",500
81,1000,0.082555,0.082495,"ptsd8",5,"skewed",500
82,1000,0.103338,0.102553,"mtmm9",5,"skewed",500
83,1000,0.192808,0.194489,"coping12",5,"skewed",500
84,1000,0.290756,0.291903,"bifactor15",5,"skewed",500
85,1000,0.719893,0.717974,"long18",5,"skewed",500
86,1000,5.503216,5.503732,"long30",5,"skewed",500
87,1000,0.147006,0.147729,"worland11",5,"skewed",500
88,1000,0.357927,0.35901,"mdd9",5,"skewed",500
89,1000,0.160001,0.161606,"ptsd8",7,"skewed",500
90,1000,0.188881,0.187881,"mtmm9",7,"skewed",500
91,1000,0.371225,0.371206,"coping12",7,"skewed",500
92,1000,0.619565,0.617739,"bifactor15",7,"skewed",500
93,1000,1.27117,1.270677,"long18",7,"skewed",500
95,1000,0.270422,0.270524,"worland11",7,"skewed",500
96,1000,0.726364,0.725069,"mdd9",7,"skewed",500
97,1000,0.03752,0.037607,"ptsd8",2,"symmetric",1000
98,1000,0.046246,0.046908,"mtmm9",2,"symmetric",1000
99,1000,0.0758679999999999,0.074633,"coping12",2,"symmetric",1000
100,1000,0.121078,0.121231,"bifactor15",2,"symmetric",1000
101,1000,0.250925,0.25045,"long18",2,"symmetric",1000
102,1000,2.41531,2.41648,"long30",2,"symmetric",1000
103,1000,0.0663160000000001,0.0662889999999999,"worland11",2,"symmetric",1000
104,1000,0.106554,0.10587,"mdd9",2,"symmetric",1000
105,1000,0.094573,0.093374,"ptsd8",5,"symmetric",1000
106,1000,0.117273,0.117251,"mtmm9",5,"symmetric",1000
107,1000,0.216406,0.217376,"coping12",5,"symmetric",1000
108,1000,0.340905,0.34203,"bifactor15",5,"symmetric",1000
109,1000,0.720729,0.720912,"long18",5,"symmetric",1000
110,1000,6.071464,6.072302,"long30",5,"symmetric",1000
111,1000,0.175876,0.176116,"worland11",5,"symmetric",1000
112,1000,0.369554,0.368055,"mdd9",5,"symmetric",1000
113,1000,0.159139,0.160956,"ptsd8",7,"symmetric",1000
114,1000,0.20116,0.201015,"mtmm9",7,"symmetric",1000
115,1000,0.414043,0.414542,"coping12",7,"symmetric",1000
116,1000,0.603843,0.604781,"bifactor15",7,"symmetric",1000
117,1000,1.308149,1.308115,"long18",7,"symmetric",1000
119,1000,0.285296,0.284065,"worland11",7,"symmetric",1000
120,1000,0.720652,0.721133,"mdd9",7,"symmetric",1000
121,1000,0.03191,0.031752,"ptsd8",2,"skewed",1000
122,1000,0.045967,0.044593,"mtmm9",2,"skewed",1000
123,1000,0.071817,0.072093,"coping12",2,"skewed",1000
124,1000,0.124474,0.125742,"bifactor15",2,"skewed",1000
125,1000,0.276889,0.276798,"long18",2,"skewed",1000
126,1000,2.657434,2.658756,"long30",2,"skewed",1000
127,1000,0.060917,0.060563,"worland11",2,"skewed",1000
128,1000,0.105933,0.107084,"mdd9",2,"skewed",1000
129,1000,0.092425,0.0910660000000001,"ptsd8",5,"skewed",1000
130,1000,0.112064,0.110891,"mtmm9",5,"skewed",1000
131,1000,0.222513,0.221358,"coping12",5,"skewed",1000
132,1000,0.325326,0.32647,"bifactor15",5,"skewed",1000
133,1000,0.808867000000001,0.807525000000001,"long18",5,"skewed",1000
134,1000,6.242607,6.243572,"long30",5,"skewed",1000
135,1000,0.170516,0.170647,"worland11",5,"skewed",1000
136,1000,0.347113,0.348541,"mdd9",5,"skewed",1000
137,1000,0.159403,0.160696,"ptsd8",7,"skewed",1000
138,1000,0.199527,0.199063,"mtmm9",7,"skewed",1000
139,1000,0.424584,0.423512,"coping12",7,"skewed",1000
140,1000,0.617629,0.616824,"bifactor15",7,"skewed",1000
141,1000,1.440581,1.441147,"long18",7,"skewed",1000
143,1000,0.308526,0.30763,"worland11",7,"skewed",1000
144,1000,0.750280000000001,0.751516999999999,"mdd9",7,"skewed",1000
145,1000,0.051634,0.050621,"ptsd8",2,"symmetric",2000
146,1000,0.059967,0.059587,"mtmm9",2,"symmetric",2000
147,1000,0.101997,0.101238,"coping12",2,"symmetric",2000
148,1000,0.172913,0.173126,"bifactor15",2,"symmetric",2000
149,1000,0.31481,0.317082,"long18",2,"symmetric",2000
150,1000,2.974799,2.97469,"long30",2,"symmetric",2000
151,1000,0.085412,0.0855089999999999,"worland11",2,"symmetric",2000
152,1000,0.125663,0.126056,"mdd9",2,"symmetric",2000
153,1000,0.108659,0.109139,"ptsd8",5,"symmetric",2000
154,1000,0.134331,0.134304,"mtmm9",5,"symmetric",2000
155,1000,0.271837,0.27186,"coping12",5,"symmetric",2000
156,1000,0.422632,0.423623,"bifactor15",5,"symmetric",2000
157,1000,0.910066,0.909408,"long18",5,"symmetric",2000
158,1000,6.640347,6.640689,"long30",5,"symmetric",2000
159,1000,0.226083,0.227066,"worland11",5,"symmetric",2000
160,1000,0.38219,0.382598,"mdd9",5,"symmetric",2000
161,1000,0.17955,0.179888,"ptsd8",7,"symmetric",2000
162,1000,0.242845,0.241097,"mtmm9",7,"symmetric",2000
163,1000,0.490384,0.490893,"coping12",7,"symmetric",2000
164,1000,0.77248,0.771443,"bifactor15",7,"symmetric",2000
165,1000,1.510798,1.511705,"long18",7,"symmetric",2000
167,1000,0.382799,0.383231,"worland11",7,"symmetric",2000
168,1000,0.766267999999999,0.764772,"mdd9",7,"symmetric",2000
169,1000,0.0479890000000001,0.04885,"ptsd8",2,"skewed",2000
170,1000,0.0644460000000001,0.064154,"mtmm9",2,"skewed",2000
171,1000,0.097918,0.0976250000000001,"coping12",2,"skewed",2000
172,1000,0.173402,0.173665,"bifactor15",2,"skewed",2000
173,1000,0.365783,0.366974,"long18",2,"skewed",2000
174,1000,2.977991,2.978198,"long30",2,"skewed",2000
175,1000,0.0759210000000001,0.076326,"worland11",2,"skewed",2000
176,1000,0.122847,0.1231,"mdd9",2,"skewed",2000
177,1000,0.108259,0.107819,"ptsd8",5,"skewed",2000
178,1000,0.140501,0.141664,"mtmm9",5,"skewed",2000
179,1000,0.254252,0.253219,"coping12",5,"skewed",2000
180,1000,0.423073,0.423863,"bifactor15",5,"skewed",2000
181,1000,0.865277,0.865205,"long18",5,"skewed",2000
182,1000,6.813848,6.81480699999999,"long30",5,"skewed",2000
183,1000,0.214208,0.213757,"worland11",5,"skewed",2000
184,1000,0.398799,0.398214,"mdd9",5,"skewed",2000
185,1000,0.171892,0.171796,"ptsd8",7,"skewed",2000
186,1000,0.233596,0.234532,"mtmm9",7,"skewed",2000
187,1000,0.481565,0.483181,"coping12",7,"skewed",2000
188,1000,0.761564000000001,0.761547,"bifactor15",7,"skewed",2000
189,1000,1.627627,1.627854,"long18",7,"skewed",2000
191,1000,0.367204,0.366764,"worland11",7,"skewed",2000
192,1000,0.797463000000001,0.798155,"mdd9",7,"skewed",2000
