"batch","design","n","rep","seed","method","normalized","target_hit","certified","wall_ms","cpu_ms"
"development","weak_marker",100,7,202819288,"cold",FALSE,FALSE,FALSE,65.6942129135132,65.8333333333327
"development","weak_marker",100,9,202819290,"cold",FALSE,FALSE,FALSE,72.9714234670003,73.0000000000004
"development","weak_marker",100,10,202819291,"cold",FALSE,FALSE,FALSE,71.3790655136108,71.3333333333352
"fresh","weak_marker",100,3,902819284,"cold",FALSE,FALSE,FALSE,67.7799383799235,67.8333333333339
"fresh","weak_marker",100,10,902819291,"cold",FALSE,FALSE,FALSE,67.6447153091431,67.6666666666653
"development","weak_marker",100,7,202819288,"direct",FALSE,FALSE,FALSE,62.7471208572388,62.833333333332
"development","weak_marker",100,9,202819290,"direct",FALSE,FALSE,FALSE,65.5561288197835,65.6666666666676
"development","weak_marker",100,10,202819291,"direct",FALSE,FALSE,FALSE,65.8735831578573,66.0000000000025
"fresh","weak_marker",100,3,902819284,"direct",FALSE,FALSE,FALSE,67.5427913665771,67.6666666666665
"fresh","weak_marker",100,10,902819291,"direct",FALSE,FALSE,FALSE,66.0159190495809,66.1666666666646
"development","ernst",20,9,202711290,"ml",FALSE,FALSE,FALSE,8.89074802398682,8.83333333333288
"development","weak_marker",20,1,202811282,"ml",FALSE,FALSE,FALSE,3.5322109858195,3.49999999999954
"development","weak_marker",20,2,202811283,"ml",FALSE,FALSE,FALSE,2.40719318389893,2.50000000000009
"development","weak_marker",20,3,202811284,"ml",FALSE,FALSE,FALSE,3.47530841827393,3.49999999999895
"development","weak_marker",20,4,202811285,"ml",FALSE,FALSE,FALSE,5.42040665944417,5.33333333333275
"development","weak_marker",20,6,202811287,"ml",FALSE,FALSE,FALSE,1.31551424662272,1.33333333333141
"development","weak_marker",20,7,202811288,"ml",FALSE,FALSE,FALSE,2.13424364725749,2.16666666666517
"development","weak_marker",20,8,202811289,"ml",FALSE,FALSE,FALSE,0.730474789937337,0.666666666665705
"development","weak_marker",100,1,202819282,"ml",FALSE,FALSE,FALSE,6.6148042678833,6.66666666666475
"development","weak_marker",100,2,202819283,"ml",FALSE,FALSE,FALSE,5.57593504587809,5.6666666666659
"development","weak_marker",100,3,202819284,"ml",FALSE,FALSE,FALSE,8.37874412536621,8.49999999999795
"development","weak_marker",100,5,202819286,"ml",FALSE,FALSE,FALSE,4.14637724558512,4.16666666666761
"development","weak_marker",100,7,202819288,"ml",FALSE,FALSE,FALSE,12.9805405934652,13.166666666668
"development","weak_marker",100,8,202819289,"ml",FALSE,FALSE,FALSE,7.84933567047119,7.83333333333343
"development","weak_marker",100,9,202819290,"ml",FALSE,FALSE,FALSE,9.3836784362793,9.49999999999918
"development","weak_marker",100,10,202819291,"ml",FALSE,FALSE,FALSE,9.04683272043864,9.00000000000034
"development","high_r2",20,6,202911287,"ml",FALSE,FALSE,FALSE,6.59521420796712,6.50000000000025
"fresh","ernst",20,1,902711282,"ml",FALSE,FALSE,FALSE,1.62545839945475,1.66666666666515
"fresh","ernst",20,3,902711284,"ml",FALSE,FALSE,FALSE,3.95103295644124,4.00000000000074
"fresh","ernst",20,4,902711285,"ml",FALSE,FALSE,FALSE,2.30050086975098,2.49999999999773
"fresh","ernst",20,7,902711288,"ml",FALSE,FALSE,FALSE,1.25646591186523,1.16666666666691
"fresh","ernst",20,8,902711289,"ml",FALSE,FALSE,FALSE,6.76536560058594,6.83333333333576
"fresh","weak_marker",20,1,902811282,"ml",FALSE,FALSE,FALSE,1.73012415568034,1.66666666666589
"fresh","weak_marker",20,2,902811283,"ml",FALSE,FALSE,FALSE,1.97076797485352,2.00000000000008
"fresh","weak_marker",20,3,902811284,"ml",FALSE,FALSE,FALSE,4.82757886250814,4.99999999999901
"fresh","weak_marker",20,4,902811285,"ml",FALSE,FALSE,FALSE,4.69438234965006,4.83333333333095
"fresh","weak_marker",20,6,902811287,"ml",FALSE,FALSE,FALSE,1.95133686065674,2.00000000000008
"fresh","weak_marker",20,7,902811288,"ml",FALSE,FALSE,FALSE,7.70135720570882,7.99999999999853
"fresh","weak_marker",20,8,902811289,"ml",FALSE,FALSE,FALSE,2.05059846242269,2.00000000000008
"fresh","weak_marker",20,9,902811290,"ml",FALSE,FALSE,FALSE,5.58348496754964,5.66666666666649
"fresh","weak_marker",100,1,902819282,"ml",FALSE,FALSE,FALSE,9.90537802378337,9.83333333333292
"fresh","weak_marker",100,2,902819283,"ml",FALSE,FALSE,FALSE,7.89252916971842,7.83333333333284
"fresh","weak_marker",100,3,902819284,"ml",FALSE,FALSE,FALSE,7.09366798400879,7.00000000000027
"fresh","weak_marker",100,4,902819285,"ml",FALSE,FALSE,FALSE,17.647663752238,17.6666666666658
"fresh","weak_marker",100,5,902819286,"ml",FALSE,FALSE,FALSE,5.17674287160238,5.00000000000019
"fresh","weak_marker",100,8,902819289,"ml",FALSE,FALSE,FALSE,7.64604409535726,7.66666666666715
"fresh","weak_marker",100,10,902819291,"ml",FALSE,FALSE,FALSE,1.17592016855876,1.33333333333437
"fresh","high_r2",20,4,902911285,"ml",FALSE,FALSE,FALSE,1.39184792836507,1.33333333333437
"fresh","high_r2",20,7,902911288,"ml",FALSE,FALSE,FALSE,3.09828917185465,3.16666666666521
"development","ernst",20,9,202711290,"warm",FALSE,FALSE,FALSE,71.0159540176392,71.1666666666654
"development","weak_marker",100,7,202819288,"warm",FALSE,FALSE,FALSE,64.5405451456706,64.5000000000007
"development","weak_marker",100,10,202819291,"warm",FALSE,FALSE,FALSE,70.4020659128825,70.5000000000003
"fresh","weak_marker",100,3,902819284,"warm",FALSE,FALSE,FALSE,67.8737163543701,67.8333333333339
"fresh","weak_marker",100,10,902819291,"warm",FALSE,FALSE,FALSE,67.2829151153564,67.1666666666647
"development","weak_marker",100,7,202819288,"cold",TRUE,FALSE,FALSE,64.6793842315674,64.6666666666681
"development","weak_marker",100,9,202819290,"cold",TRUE,FALSE,FALSE,70.9575017293294,70.8333333333329
"development","weak_marker",100,10,202819291,"cold",TRUE,FALSE,FALSE,68.1346257527669,68.1666666666653
"fresh","weak_marker",20,2,902811283,"cold",TRUE,FALSE,FALSE,66.1323070526123,66.1666666666682
"fresh","weak_marker",100,3,902819284,"cold",TRUE,FALSE,FALSE,69.4797039031982,69.333333333334
"fresh","weak_marker",100,10,902819291,"cold",TRUE,FALSE,FALSE,69.7483619054159,69.6666666666665
"development","weak_marker",100,7,202819288,"direct",TRUE,FALSE,FALSE,62.649925549825,62.666666666668
"development","weak_marker",100,9,202819290,"direct",TRUE,FALSE,FALSE,66.7471488316854,66.8333333333339
"development","weak_marker",100,10,202819291,"direct",TRUE,FALSE,FALSE,66.5055116017659,66.6666666666653
"fresh","weak_marker",20,2,902811283,"direct",TRUE,FALSE,FALSE,68.7571366628011,68.6666666666641
"fresh","weak_marker",100,3,902819284,"direct",TRUE,FALSE,FALSE,68.4912204742432,68.3333333333304
"fresh","weak_marker",100,10,902819291,"direct",TRUE,FALSE,FALSE,66.8377081553141,66.8333333333333
"development","ernst",20,9,202711290,"ml",TRUE,FALSE,FALSE,9.93208090464274,9.83333333333292
"development","weak_marker",20,1,202811282,"ml",TRUE,FALSE,FALSE,5.5623451868693,5.6666666666653
"development","weak_marker",20,2,202811283,"ml",TRUE,FALSE,FALSE,1.5256404876709,1.33333333333378
"development","weak_marker",20,3,202811284,"ml",TRUE,FALSE,FALSE,2.46691703796387,2.33333333333382
"development","weak_marker",20,4,202811285,"ml",TRUE,FALSE,FALSE,5.69291909535726,5.66666666666649
"development","weak_marker",20,6,202811287,"ml",TRUE,FALSE,FALSE,1.3198455174764,1.33333333333407
"development","weak_marker",20,7,202811288,"ml",TRUE,FALSE,FALSE,3.24869155883789,3.33333333333149
"development","weak_marker",20,8,202811289,"ml",TRUE,FALSE,FALSE,1.10483169555664,1.16666666666632
"development","weak_marker",100,1,202819282,"ml",TRUE,FALSE,FALSE,16.4562463760376,16.5000000000012
"development","weak_marker",100,2,202819283,"ml",TRUE,FALSE,FALSE,2.89257367451986,3.00000000000011
"development","weak_marker",100,3,202819284,"ml",TRUE,FALSE,FALSE,9.61752732594808,9.66666666666545
"development","weak_marker",100,5,202819286,"ml",TRUE,FALSE,FALSE,7.16137886047363,7.16666666666536
"development","weak_marker",100,7,202819288,"ml",TRUE,FALSE,FALSE,11.5751425425212,11.4999999999998
"development","weak_marker",100,8,202819289,"ml",TRUE,FALSE,FALSE,7.72368907928467,7.83333333333521
"development","weak_marker",100,9,202819290,"ml",TRUE,FALSE,FALSE,6.10721111297607,6.16666666666769
"development","weak_marker",100,10,202819291,"ml",TRUE,FALSE,FALSE,5.01847267150879,5.00000000000019
"development","high_r2",20,6,202911287,"ml",TRUE,FALSE,FALSE,4.58594163258871,4.50000000000254
"fresh","ernst",20,1,902711282,"ml",TRUE,FALSE,FALSE,1.79616610209147,2.00000000000008
"fresh","ernst",20,3,902711284,"ml",TRUE,FALSE,FALSE,5.96133867899577,6.16666666666769
"fresh","ernst",20,4,902711285,"ml",TRUE,FALSE,FALSE,1.23520692189535,1.16666666666661
"fresh","ernst",20,7,902711288,"ml",TRUE,FALSE,FALSE,3.27452023824056,3.33333333333445
"fresh","ernst",20,8,902711289,"ml",TRUE,FALSE,FALSE,5.09464740753174,5.16666666666528
"fresh","weak_marker",20,1,902811282,"ml",TRUE,FALSE,FALSE,1.7387866973877,1.66666666666708
"fresh","weak_marker",20,2,902811283,"ml",TRUE,FALSE,FALSE,1.78058942159017,1.99999999999771
"fresh","weak_marker",20,3,902811284,"ml",TRUE,FALSE,FALSE,6.50636355082194,6.50000000000025
"fresh","weak_marker",20,4,902811285,"ml",TRUE,FALSE,FALSE,1.93595886230469,2.00000000000008
"fresh","weak_marker",20,6,902811287,"ml",TRUE,FALSE,FALSE,1.49706999460856,1.66666666666574
"fresh","weak_marker",20,7,902811288,"ml",TRUE,FALSE,FALSE,1.32012367248535,1.16666666666513
"fresh","weak_marker",20,8,902811289,"ml",TRUE,FALSE,FALSE,0.855922698974609,0.833333333334944
"fresh","weak_marker",20,9,902811290,"ml",TRUE,FALSE,FALSE,3.50443522135417,3.33333333333267
"fresh","weak_marker",100,1,902819282,"ml",TRUE,FALSE,FALSE,9.25127665201823,9.1666666666678
"fresh","weak_marker",100,2,902819283,"ml",TRUE,FALSE,FALSE,11.1250480016073,11.1666666666655
"fresh","weak_marker",100,3,902819284,"ml",TRUE,FALSE,FALSE,5.14554977416992,5.16666666666528
"fresh","weak_marker",100,4,902819285,"ml",TRUE,FALSE,FALSE,9.52561696370443,9.66666666666664
"fresh","weak_marker",100,5,902819286,"ml",TRUE,FALSE,FALSE,2.69711017608643,2.66666666666593
"fresh","weak_marker",100,8,902819289,"ml",TRUE,FALSE,FALSE,7.53740469614665,7.66666666666597
"fresh","weak_marker",100,10,902819291,"ml",TRUE,FALSE,FALSE,5.15540440877279,5.16666666666469
"fresh","high_r2",20,4,902911285,"ml",TRUE,FALSE,FALSE,1.33895874023438,1.33333333333358
"fresh","high_r2",20,7,902911288,"ml",TRUE,FALSE,FALSE,3.08501720428467,3.16666666666521
"development","ernst",20,9,202711290,"warm",TRUE,FALSE,FALSE,74.8469432195028,74.8333333333342
"development","weak_marker",100,7,202819288,"warm",TRUE,FALSE,FALSE,63.9082590738932,64.0000000000001
"development","weak_marker",100,10,202819291,"warm",TRUE,FALSE,FALSE,67.2173102696737,67.3333333333319
"fresh","ernst",20,1,902711282,"warm",TRUE,FALSE,FALSE,72.3441044489543,72.3333333333329
"fresh","weak_marker",20,2,902811283,"warm",TRUE,FALSE,FALSE,65.796693166097,65.6666666666655
"fresh","weak_marker",100,3,902819284,"warm",TRUE,FALSE,FALSE,70.9979136784871,70.8333333333329
"fresh","weak_marker",100,10,902819291,"warm",TRUE,FALSE,FALSE,69.3331162134806,69.3333333333334
"fresh","high_r2",20,7,902911288,"warm",TRUE,FALSE,FALSE,72.6673205693563,72.5000000000028
"development","weak_marker",20,5,202811286,"cold",FALSE,FALSE,TRUE,4.86155351003011,5.00000000000019
"development","weak_marker",20,6,202811287,"cold",FALSE,FALSE,TRUE,3.0444065729777,3.00000000000011
"development","weak_marker",100,8,202819289,"cold",FALSE,FALSE,TRUE,10.9643538792928,10.8333333333353
"fresh","ernst",20,3,902711284,"cold",FALSE,FALSE,TRUE,1.40738487243652,1.33333333333259
"fresh","ernst",20,5,902711286,"cold",FALSE,FALSE,TRUE,1.36510531107585,1.33333333333496
"fresh","ernst",20,6,902711287,"cold",FALSE,FALSE,TRUE,1.44855181376139,1.33333333333378
"fresh","weak_marker",20,2,902811283,"cold",FALSE,FALSE,TRUE,2.51491864522298,2.49999999999921
"fresh","weak_marker",20,5,902811286,"cold",FALSE,FALSE,TRUE,2.46588389078776,2.333333333335
"fresh","weak_marker",20,7,902811288,"cold",FALSE,FALSE,TRUE,3.08740139007568,3.16666666666758
"fresh","weak_marker",20,9,902811290,"cold",FALSE,FALSE,TRUE,3.7842591603597,4.00000000000015
"fresh","weak_marker",20,10,902811291,"cold",FALSE,FALSE,TRUE,2.09176540374756,2.16666666666517
"fresh","weak_marker",100,6,902819287,"cold",FALSE,FALSE,TRUE,2.85462538401286,2.83333333333147
"fresh","weak_marker",100,7,902819288,"cold",FALSE,FALSE,TRUE,3.95870208740234,4.00000000000015
"fresh","high_r2",20,7,902911288,"cold",FALSE,FALSE,TRUE,5.41436672210693,5.33333333333393
"development","weak_marker",20,5,202811286,"direct",FALSE,FALSE,TRUE,1.34281317392985,1.33333333333437
"development","weak_marker",20,6,202811287,"direct",FALSE,FALSE,TRUE,1.87186400095622,2.00000000000008
"development","weak_marker",100,8,202819289,"direct",FALSE,FALSE,TRUE,2.82136599222819,2.83333333333354
"fresh","ernst",20,3,902711284,"direct",FALSE,FALSE,TRUE,0.989158948262533,1.00000000000004
"fresh","ernst",20,5,902711286,"direct",FALSE,FALSE,TRUE,1.04367733001709,1.00000000000004
"fresh","ernst",20,6,902711287,"direct",FALSE,FALSE,TRUE,1.11699104309082,1.00000000000004
"fresh","weak_marker",20,2,902811283,"direct",FALSE,FALSE,TRUE,1.46154562632243,1.33333333333407
"fresh","weak_marker",20,5,902811286,"direct",FALSE,FALSE,TRUE,1.24251842498779,1.33333333333319
"fresh","weak_marker",20,7,902811288,"direct",FALSE,FALSE,TRUE,1.5261967976888,1.66666666666515
"fresh","weak_marker",20,9,902811290,"direct",FALSE,FALSE,TRUE,1.72094504038493,1.66666666666574
"fresh","weak_marker",20,10,902811291,"direct",FALSE,FALSE,TRUE,1.6481876373291,1.66666666666604
"fresh","weak_marker",100,6,902819287,"direct",FALSE,FALSE,TRUE,1.91406408945719,2.00000000000008
"fresh","weak_marker",100,7,902819288,"direct",FALSE,FALSE,TRUE,1.81027253468831,1.83333333333498
"fresh","high_r2",20,7,902911288,"direct",FALSE,FALSE,TRUE,1.75293286641439,1.66666666666515
"development","ernst",20,1,202711282,"ml",FALSE,FALSE,TRUE,0.426650047302246,0.333333333334925
"development","weak_marker",20,9,202811290,"ml",FALSE,FALSE,TRUE,0.553210576375325,0.666666666666001
"fresh","ernst",20,2,902711283,"ml",FALSE,FALSE,TRUE,4.02037302652995,4.16666666666288
"fresh","ernst",20,5,902711286,"ml",FALSE,FALSE,TRUE,0.461339950561523,0.500000000000019
"fresh","weak_marker",20,5,902811286,"ml",FALSE,FALSE,TRUE,0.682711601257324,0.666666666665113
"fresh","high_r2",20,1,902911282,"ml",FALSE,FALSE,TRUE,0.42263666788737,0.49999999999765
"development","weak_marker",20,5,202811286,"warm",FALSE,FALSE,TRUE,5.10708491007487,5.16666666666528
"development","weak_marker",20,6,202811287,"warm",FALSE,FALSE,TRUE,2.77515252431234,2.83333333333147
"development","weak_marker",100,8,202819289,"warm",FALSE,FALSE,TRUE,10.5621417363485,10.5000000000001
"fresh","ernst",20,5,902711286,"warm",FALSE,FALSE,TRUE,1.41974290211995,1.50000000000006
"fresh","ernst",20,6,902711287,"warm",FALSE,FALSE,TRUE,1.43035252888997,1.33333333333378
"fresh","weak_marker",20,2,902811283,"warm",FALSE,FALSE,TRUE,2.63698895772298,2.83333333333384
"fresh","weak_marker",20,5,902811286,"warm",FALSE,FALSE,TRUE,2.12530295054118,2.33333333333145
"fresh","weak_marker",20,7,902811288,"warm",FALSE,FALSE,TRUE,2.76021162668864,2.83333333333087
"fresh","weak_marker",20,9,902811290,"warm",FALSE,FALSE,TRUE,3.43135992685954,3.49999999999924
"fresh","weak_marker",20,10,902811291,"warm",FALSE,FALSE,TRUE,1.57268842061361,1.50000000000006
"fresh","weak_marker",100,6,902819287,"warm",FALSE,FALSE,TRUE,2.59025891621908,2.50000000000187
"fresh","weak_marker",100,7,902819288,"warm",FALSE,FALSE,TRUE,3.84322802225749,4.00000000000015
"development","weak_marker",20,5,202811286,"cold",TRUE,FALSE,TRUE,5.52709897359212,5.49999999999962
"development","weak_marker",20,6,202811287,"cold",TRUE,FALSE,TRUE,3.37119897206624,3.50000000000013
"development","weak_marker",100,8,202819289,"cold",TRUE,FALSE,TRUE,11.3216638565063,11.5000000000004
"fresh","ernst",20,3,902711284,"cold",TRUE,FALSE,TRUE,1.46929423014323,1.49999999999887
"fresh","ernst",20,5,902711286,"cold",TRUE,FALSE,TRUE,1.43973032633464,1.33333333333319
"fresh","ernst",20,6,902711287,"cold",TRUE,FALSE,TRUE,1.47783756256104,1.50000000000243
"fresh","weak_marker",20,5,902811286,"cold",TRUE,FALSE,TRUE,3.21340560913086,3.33333333333149
"fresh","weak_marker",20,7,902811288,"cold",TRUE,FALSE,TRUE,6.82536760965983,6.66666666666712
"fresh","weak_marker",20,9,902811290,"cold",TRUE,FALSE,TRUE,2.29438145955404,2.33333333333411
"fresh","weak_marker",20,10,902811291,"cold",TRUE,FALSE,TRUE,2.02763080596924,2.16666666666754
"fresh","weak_marker",100,6,902819287,"cold",TRUE,FALSE,TRUE,9.651780128479,9.66666666666545
"fresh","weak_marker",100,7,902819288,"cold",TRUE,FALSE,TRUE,4.71365451812744,4.66666666666763
"fresh","high_r2",20,7,902911288,"cold",TRUE,FALSE,TRUE,7.81146685282389,7.66666666666775
"development","weak_marker",20,5,202811286,"direct",TRUE,FALSE,TRUE,1.51340166727702,1.33333333333437
"development","weak_marker",20,6,202811287,"direct",TRUE,FALSE,TRUE,1.82600816090902,1.66666666666841
"development","weak_marker",100,8,202819289,"direct",TRUE,FALSE,TRUE,2.85422801971436,2.83333333333354
"fresh","ernst",20,3,902711284,"direct",TRUE,FALSE,TRUE,0.989993413289388,1.00000000000004
"fresh","ernst",20,5,902711286,"direct",TRUE,FALSE,TRUE,1.03549162546794,1.00000000000004
"fresh","ernst",20,6,902711287,"direct",TRUE,FALSE,TRUE,1.13379955291748,1.16666666666513
"fresh","weak_marker",20,5,902811286,"direct",TRUE,FALSE,TRUE,1.26878420511881,1.33333333333141
"fresh","weak_marker",20,7,902811288,"direct",TRUE,FALSE,TRUE,1.5557607014974,1.66666666666515
"fresh","weak_marker",20,9,902811290,"direct",TRUE,FALSE,TRUE,1.6015370686849,1.66666666666634
"fresh","weak_marker",20,10,902811291,"direct",TRUE,FALSE,TRUE,1.57264868418376,1.50000000000006
"fresh","weak_marker",100,6,902819287,"direct",TRUE,FALSE,TRUE,1.8074115117391,2.00000000000008
"fresh","weak_marker",100,7,902819288,"direct",TRUE,FALSE,TRUE,1.74478689829508,1.83333333333498
"fresh","high_r2",20,7,902911288,"direct",TRUE,FALSE,TRUE,1.81464354197184,1.66666666666693
"development","ernst",20,1,202711282,"ml",TRUE,FALSE,TRUE,0.48224131266276,0.500000000000019
"development","weak_marker",20,9,202811290,"ml",TRUE,FALSE,TRUE,0.596960385640462,0.666666666665705
"fresh","ernst",20,2,902711283,"ml",TRUE,FALSE,TRUE,3.4631888071696,3.50000000000013
"fresh","ernst",20,5,902711286,"ml",TRUE,FALSE,TRUE,0.433087348937988,0.666666666666889
"fresh","weak_marker",20,5,902811286,"ml",TRUE,FALSE,TRUE,0.677585601806641,0.666666666667481
"fresh","high_r2",20,1,902911282,"ml",TRUE,FALSE,TRUE,0.434358914693197,0.333333333334925
"development","weak_marker",20,5,202811286,"warm",TRUE,FALSE,TRUE,5.93125820159912,5.99999999999549
"development","weak_marker",20,6,202811287,"warm",TRUE,FALSE,TRUE,3.0444065729777,3.00000000000011
"development","weak_marker",100,8,202819289,"warm",TRUE,FALSE,TRUE,10.9285513559977,11.1666666666655
"fresh","ernst",20,3,902711284,"warm",TRUE,FALSE,TRUE,1.57042344411214,1.49999999999887
"fresh","ernst",20,5,902711286,"warm",TRUE,FALSE,TRUE,1.35405858357747,1.33333333333259
"fresh","ernst",20,6,902711287,"warm",TRUE,FALSE,TRUE,1.47795677185059,1.50000000000006
"fresh","weak_marker",20,5,902811286,"warm",TRUE,FALSE,TRUE,2.86022822062175,2.83333333333324
"fresh","weak_marker",20,7,902811288,"warm",TRUE,FALSE,TRUE,6.4233938852946,6.49999999999788
"fresh","weak_marker",20,9,902811290,"warm",TRUE,FALSE,TRUE,1.95864836374919,2.00000000000008
"fresh","weak_marker",20,10,902811291,"warm",TRUE,FALSE,TRUE,1.56704584757487,1.66666666666693
"fresh","weak_marker",100,6,902819287,"warm",TRUE,FALSE,TRUE,9.55764452616374,9.66666666666309
"fresh","weak_marker",100,7,902819288,"warm",TRUE,FALSE,TRUE,4.35709953308105,4.33333333333389
"development","ernst",20,1,202711282,"cold",FALSE,TRUE,TRUE,1.38318538665771,1.33333333333259
"development","ernst",20,2,202711283,"cold",FALSE,TRUE,TRUE,1.3812780380249,1.49999999999946
"development","ernst",20,3,202711284,"cold",FALSE,TRUE,TRUE,1.4729897181193,1.50000000000124
"development","ernst",20,4,202711285,"cold",FALSE,TRUE,TRUE,1.39033794403076,1.50000000000006
"development","ernst",20,5,202711286,"cold",FALSE,TRUE,TRUE,1.44581000010173,1.50000000000124
"development","ernst",20,6,202711287,"cold",FALSE,TRUE,TRUE,1.31583213806152,1.33333333333496
"development","ernst",20,7,202711288,"cold",FALSE,TRUE,TRUE,0.415285428365072,0.333333333333741
"development","ernst",20,8,202711289,"cold",FALSE,TRUE,TRUE,1.20238463083903,1.00000000000004
"development","ernst",20,9,202711290,"cold",FALSE,TRUE,TRUE,6.86860084533691,6.8333333333328
"development","ernst",20,10,202711291,"cold",FALSE,TRUE,TRUE,1.18100643157959,1.00000000000004
"development","ernst",100,1,202719282,"cold",FALSE,TRUE,TRUE,0.388423601786296,0.333333333334925
"development","ernst",100,2,202719283,"cold",FALSE,TRUE,TRUE,0.386993090311686,0.333333333334925
"development","ernst",100,3,202719284,"cold",FALSE,TRUE,TRUE,0.38297971089681,0.333333333334333
"development","ernst",100,4,202719285,"cold",FALSE,TRUE,TRUE,1.46293640136719,1.33333333333437
"development","ernst",100,5,202719286,"cold",FALSE,TRUE,TRUE,0.392556190490723,0.333333333334925
"development","ernst",100,6,202719287,"cold",FALSE,TRUE,TRUE,0.395774841308594,0.500000000000019
"development","ernst",100,7,202719288,"cold",FALSE,TRUE,TRUE,0.402927398681641,0.333333333333741
"development","ernst",100,8,202719289,"cold",FALSE,TRUE,TRUE,0.390768051147461,0.333333333333741
"development","ernst",100,9,202719290,"cold",FALSE,TRUE,TRUE,0.379045804341634,0.49999999999765
"development","ernst",100,10,202719291,"cold",FALSE,TRUE,TRUE,0.387946764628092,0.333333333334333
"development","weak_marker",20,1,202811282,"cold",FALSE,TRUE,TRUE,5.31359513600667,5.33333333333393
"development","weak_marker",20,2,202811283,"cold",FALSE,TRUE,TRUE,3.44272454579671,3.50000000000013
"development","weak_marker",20,3,202811284,"cold",FALSE,TRUE,TRUE,5.54736455281576,5.49999999999902
"development","weak_marker",20,4,202811285,"cold",FALSE,TRUE,TRUE,4.47893142700195,4.49999999999899
"development","weak_marker",20,7,202811288,"cold",FALSE,TRUE,TRUE,2.57666905721029,2.66666666666735
"development","weak_marker",20,8,202811289,"cold",FALSE,TRUE,TRUE,7.03012943267822,7.00000000000027
"development","weak_marker",20,9,202811290,"cold",FALSE,TRUE,TRUE,0.541845957438151,0.666666666662745
"development","weak_marker",20,10,202811291,"cold",FALSE,TRUE,TRUE,2.04471747080485,2.00000000000008
"development","weak_marker",100,1,202819282,"cold",FALSE,TRUE,TRUE,13.1567319234212,13.1666666666662
"development","weak_marker",100,2,202819283,"cold",FALSE,TRUE,TRUE,6.61273797353109,6.66666666666593
"development","weak_marker",100,3,202819284,"cold",FALSE,TRUE,TRUE,14.8288408915202,14.8333333333331
"development","weak_marker",100,4,202819285,"cold",FALSE,TRUE,TRUE,1.87436739603678,2.00000000000008
"development","weak_marker",100,5,202819286,"cold",FALSE,TRUE,TRUE,6.33815924326579,6.33333333333278
"development","weak_marker",100,6,202819287,"cold",FALSE,TRUE,TRUE,9.38411553700765,9.3333333333329
"development","high_r2",20,1,202911282,"cold",FALSE,TRUE,TRUE,1.37535730997721,1.33333333333141
"development","high_r2",20,2,202911283,"cold",FALSE,TRUE,TRUE,0.400582949320475,0.500000000000019
"development","high_r2",20,3,202911284,"cold",FALSE,TRUE,TRUE,1.62931283315023,1.66666666666634
"development","high_r2",20,4,202911285,"cold",FALSE,TRUE,TRUE,1.46865844726562,1.50000000000006
"development","high_r2",20,5,202911286,"cold",FALSE,TRUE,TRUE,0.391880671183268,0.500000000000019
"development","high_r2",20,6,202911287,"cold",FALSE,TRUE,TRUE,1.77903970082601,1.83333333333498
"development","high_r2",20,7,202911288,"cold",FALSE,TRUE,TRUE,1.43885612487793,1.50000000000243
"development","high_r2",20,8,202911289,"cold",FALSE,TRUE,TRUE,1.12064679463704,1.33333333333378
"development","high_r2",20,9,202911290,"cold",FALSE,TRUE,TRUE,1.38584772745768,1.33333333333407
"development","high_r2",20,10,202911291,"cold",FALSE,TRUE,TRUE,1.23139222462972,1.33333333333185
"development","high_r2",100,1,202919282,"cold",FALSE,TRUE,TRUE,1.27585728963216,1.33333333333259
"development","high_r2",100,2,202919283,"cold",FALSE,TRUE,TRUE,0.419020652770996,0.333333333333741
"development","high_r2",100,3,202919284,"cold",FALSE,TRUE,TRUE,0.408331553141276,0.333333333333741
"development","high_r2",100,4,202919285,"cold",FALSE,TRUE,TRUE,1.29711627960205,1.33333333333023
"development","high_r2",100,5,202919286,"cold",FALSE,TRUE,TRUE,0.377853711446126,0.333333333332853
"development","high_r2",100,6,202919287,"cold",FALSE,TRUE,TRUE,0.376979509989421,0.333333333330188
"development","high_r2",100,7,202919288,"cold",FALSE,TRUE,TRUE,1.2664000193278,1.33333333333407
"development","high_r2",100,8,202919289,"cold",FALSE,TRUE,TRUE,0.425299008687337,0.666666666665113
"development","high_r2",100,9,202919290,"cold",FALSE,TRUE,TRUE,1.28952662150065,1.16666666666513
"development","high_r2",100,10,202919291,"cold",FALSE,TRUE,TRUE,1.27704938252767,1.00000000000004
"fresh","ernst",20,1,902711282,"cold",FALSE,TRUE,TRUE,6.38218720753988,6.33333333333278
"fresh","ernst",20,2,902711283,"cold",FALSE,TRUE,TRUE,4.39453125,4.33333333333508
"fresh","ernst",20,4,902711285,"cold",FALSE,TRUE,TRUE,1.37650966644287,1.33333333333289
"fresh","ernst",20,7,902711288,"cold",FALSE,TRUE,TRUE,4.27409013112386,4.16666666666702
"fresh","ernst",20,8,902711289,"cold",FALSE,TRUE,TRUE,3.77758344014486,3.83333333333328
"fresh","ernst",20,9,902711290,"cold",FALSE,TRUE,TRUE,1.34877363840739,1.33333333333023
"fresh","ernst",20,10,902711291,"cold",FALSE,TRUE,TRUE,0.382781028747559,0.333333333333741
"fresh","ernst",100,1,902719282,"cold",FALSE,TRUE,TRUE,0.373323758443197,0.333333333334925
"fresh","ernst",100,2,902719283,"cold",FALSE,TRUE,TRUE,0.383218129475911,0.333333333332853
"fresh","ernst",100,3,902719284,"cold",FALSE,TRUE,TRUE,0.39060910542806,0.333333333332556
"fresh","ernst",100,4,902719285,"cold",FALSE,TRUE,TRUE,0.400185585021973,0.333333333333741
"fresh","ernst",100,5,902719286,"cold",FALSE,TRUE,TRUE,0.39823849995931,0.499999999997058
"fresh","ernst",100,6,902719287,"cold",FALSE,TRUE,TRUE,0.357190767923991,0.333333333334925
"fresh","ernst",100,7,902719288,"cold",FALSE,TRUE,TRUE,1.35862827301025,1.33333333333259
"fresh","ernst",100,8,902719289,"cold",FALSE,TRUE,TRUE,1.37074788411458,1.33333333333378
"fresh","ernst",100,9,902719290,"cold",FALSE,TRUE,TRUE,1.37567520141602,1.33333333333141
"fresh","ernst",100,10,902719291,"cold",FALSE,TRUE,TRUE,0.387430191040039,0.333333333334037
"fresh","weak_marker",20,1,902811282,"cold",FALSE,TRUE,TRUE,3.89003753662109,4.16666666666761
"fresh","weak_marker",20,3,902811284,"cold",FALSE,TRUE,TRUE,5.96193472544352,5.83333333333395
"fresh","weak_marker",20,4,902811285,"cold",FALSE,TRUE,TRUE,3.27964623769124,3.33333333333208
"fresh","weak_marker",20,6,902811287,"cold",FALSE,TRUE,TRUE,3.32411130269369,3.33333333333208
"fresh","weak_marker",20,8,902811289,"cold",FALSE,TRUE,TRUE,4.72815831502279,4.6666666666629
"fresh","weak_marker",100,1,902819282,"cold",FALSE,TRUE,TRUE,13.5919650395711,13.5000000000005
"fresh","weak_marker",100,2,902819283,"cold",FALSE,TRUE,TRUE,6.84245427449544,6.8333333333334
"fresh","weak_marker",100,4,902819285,"cold",FALSE,TRUE,TRUE,13.7868324915568,13.6666666666668
"fresh","weak_marker",100,5,902819286,"cold",FALSE,TRUE,TRUE,1.85672442118327,1.83333333333261
"fresh","weak_marker",100,8,902819289,"cold",FALSE,TRUE,TRUE,10.7855796813965,10.6666666666661
"fresh","weak_marker",100,9,902819290,"cold",FALSE,TRUE,TRUE,0.524083773295085,0.666666666667037
"fresh","high_r2",20,1,902911282,"cold",FALSE,TRUE,TRUE,0.405271848042806,0.500000000001203
"fresh","high_r2",20,2,902911283,"cold",FALSE,TRUE,TRUE,1.49230162302653,1.50000000000006
"fresh","high_r2",20,3,902911284,"cold",FALSE,TRUE,TRUE,0.388185183207194,0.333333333333149
"fresh","high_r2",20,4,902911285,"cold",FALSE,TRUE,TRUE,2.22992897033691,2.33333333333263
"fresh","high_r2",20,5,902911286,"cold",FALSE,TRUE,TRUE,1.5869140625,1.49999999999887
"fresh","high_r2",20,6,902911287,"cold",FALSE,TRUE,TRUE,0.413934389750163,0.333333333334037
"fresh","high_r2",20,8,902911289,"cold",FALSE,TRUE,TRUE,1.35934352874756,1.33333333333259
"fresh","high_r2",20,9,902911290,"cold",FALSE,TRUE,TRUE,1.71061356862386,1.66666666666693
"fresh","high_r2",20,10,902911291,"cold",FALSE,TRUE,TRUE,2.12021668752035,2.00000000000008
"fresh","high_r2",100,1,902919282,"cold",FALSE,TRUE,TRUE,1.25662485758464,1.33333333333141
"fresh","high_r2",100,2,902919283,"cold",FALSE,TRUE,TRUE,1.1361837387085,1.16666666666632
"fresh","high_r2",100,3,902919284,"cold",FALSE,TRUE,TRUE,0.408569971720378,0.333333333334925
"fresh","high_r2",100,4,902919285,"cold",FALSE,TRUE,TRUE,1.30840142567952,1.33333333333378
"fresh","high_r2",100,5,902919286,"cold",FALSE,TRUE,TRUE,0.383098920186361,0.333333333333149
"fresh","high_r2",100,6,902919287,"cold",FALSE,TRUE,TRUE,0.380237897237142,0.333333333334333
"fresh","high_r2",100,7,902919288,"cold",FALSE,TRUE,TRUE,1.21418635050456,1.33333333333141
"fresh","high_r2",100,8,902919289,"cold",FALSE,TRUE,TRUE,1.37217839558919,1.33333333333496
"fresh","high_r2",100,9,902919290,"cold",FALSE,TRUE,TRUE,0.411232312520345,0.333333333334333
"fresh","high_r2",100,10,902919291,"cold",FALSE,TRUE,TRUE,1.33764743804932,1.33333333333496
"development","ernst",20,1,202711282,"direct",FALSE,TRUE,TRUE,1.05555852254232,1.00000000000004
"development","ernst",20,2,202711283,"direct",FALSE,TRUE,TRUE,0.952998797098796,1.00000000000004
"development","ernst",20,3,202711284,"direct",FALSE,TRUE,TRUE,1.00223223368327,1.00000000000004
"development","ernst",20,4,202711285,"direct",FALSE,TRUE,TRUE,1.021941502889,1.00000000000004
"development","ernst",20,5,202711286,"direct",FALSE,TRUE,TRUE,1.13840897878011,1.1666666666675
"development","ernst",20,6,202711287,"direct",FALSE,TRUE,TRUE,1.02690855662028,1.00000000000004
"development","ernst",20,7,202711288,"direct",FALSE,TRUE,TRUE,1.13773345947266,1.00000000000004
"development","ernst",20,8,202711289,"direct",FALSE,TRUE,TRUE,0.88040033976237,0.833333333334944
"development","ernst",20,9,202711290,"direct",FALSE,TRUE,TRUE,1.18545691172282,1.33333333333378
"development","ernst",20,10,202711291,"direct",FALSE,TRUE,TRUE,0.891764958699544,0.666666666668666
"development","ernst",100,1,202719282,"direct",FALSE,TRUE,TRUE,0.94914436340332,1.00000000000004
"development","ernst",100,2,202719283,"direct",FALSE,TRUE,TRUE,0.95832347869873,1.00000000000004
"development","ernst",100,3,202719284,"direct",FALSE,TRUE,TRUE,0.934759775797526,1.00000000000004
"development","ernst",100,4,202719285,"direct",FALSE,TRUE,TRUE,1.10057989756266,1.33333333333023
"development","ernst",100,5,202719286,"direct",FALSE,TRUE,TRUE,1.02670987447103,1.00000000000004
"development","ernst",100,6,202719287,"direct",FALSE,TRUE,TRUE,0.96289316813151,1.00000000000004
"development","ernst",100,7,202719288,"direct",FALSE,TRUE,TRUE,1.02408727010091,1.00000000000004
"development","ernst",100,8,202719289,"direct",FALSE,TRUE,TRUE,0.900864601135254,0.833333333332575
"development","ernst",100,9,202719290,"direct",FALSE,TRUE,TRUE,0.902334849039714,0.833333333334944
"development","ernst",100,10,202719291,"direct",FALSE,TRUE,TRUE,0.965277353922526,1.00000000000004
"development","weak_marker",20,1,202811282,"direct",FALSE,TRUE,TRUE,1.66916847229004,1.66666666666752
"development","weak_marker",20,2,202811283,"direct",FALSE,TRUE,TRUE,1.34082635243734,1.33333333333259
"development","weak_marker",20,3,202811284,"direct",FALSE,TRUE,TRUE,1.73103809356689,1.66666666666634
"development","weak_marker",20,4,202811285,"direct",FALSE,TRUE,TRUE,1.87861919403076,1.83333333333321
"development","weak_marker",20,7,202811288,"direct",FALSE,TRUE,TRUE,1.25281016031901,1.33333333333141
"development","weak_marker",20,8,202811289,"direct",FALSE,TRUE,TRUE,5.0052801767985,5.00000000000019
"development","weak_marker",20,9,202811290,"direct",FALSE,TRUE,TRUE,1.53835614522298,1.33333333333407
"development","weak_marker",20,10,202811291,"direct",FALSE,TRUE,TRUE,1.08897686004639,1.16666666666513
"development","weak_marker",100,1,202819282,"direct",FALSE,TRUE,TRUE,5.27044137318929,5.33333333333275
"development","weak_marker",100,2,202819283,"direct",FALSE,TRUE,TRUE,1.77101294199626,1.66666666666634
"development","weak_marker",100,3,202819284,"direct",FALSE,TRUE,TRUE,8.16667079925537,8.16666666666836
"development","weak_marker",100,4,202819285,"direct",FALSE,TRUE,TRUE,1.40778223673503,1.33333333333259
"development","weak_marker",100,5,202819286,"direct",FALSE,TRUE,TRUE,4.80357805887858,4.66666666666645
"development","weak_marker",100,6,202819287,"direct",FALSE,TRUE,TRUE,7.45244820912679,7.66666666666538
"development","high_r2",20,1,202911282,"direct",FALSE,TRUE,TRUE,1.01637840270996,1.00000000000004
"development","high_r2",20,2,202911283,"direct",FALSE,TRUE,TRUE,0.999212265014648,1.00000000000241
"development","high_r2",20,3,202911284,"direct",FALSE,TRUE,TRUE,1.22058391571045,1.33333333333141
"development","high_r2",20,4,202911285,"direct",FALSE,TRUE,TRUE,1.13515059153239,1.16666666666513
"development","high_r2",20,5,202911286,"direct",FALSE,TRUE,TRUE,0.946442286173503,0.83333333333376
"development","high_r2",20,6,202911287,"direct",FALSE,TRUE,TRUE,1.41513347625732,1.333333333332
"development","high_r2",20,7,202911288,"direct",FALSE,TRUE,TRUE,1.1221170425415,1.16666666666513
"development","high_r2",20,8,202911289,"direct",FALSE,TRUE,TRUE,0.839432080586751,0.66666666666985
"development","high_r2",20,9,202911290,"direct",FALSE,TRUE,TRUE,1.05639298756917,1.00000000000241
"development","high_r2",20,10,202911291,"direct",FALSE,TRUE,TRUE,0.83764394124349,0.833333333333316
"development","high_r2",100,1,202919282,"direct",FALSE,TRUE,TRUE,0.986377398173014,1.00000000000004
"development","high_r2",100,2,202919283,"direct",FALSE,TRUE,TRUE,1.0453462600708,1.00000000000004
"development","high_r2",100,3,202919284,"direct",FALSE,TRUE,TRUE,0.920573870340983,1.00000000000004
"development","high_r2",100,4,202919285,"direct",FALSE,TRUE,TRUE,0.946442286173503,0.999999999997669
"development","high_r2",100,5,202919286,"direct",FALSE,TRUE,TRUE,0.874797503153483,1.00000000000004
"development","high_r2",100,6,202919287,"direct",FALSE,TRUE,TRUE,0.877499580383301,0.833333333333168
"development","high_r2",100,7,202919288,"direct",FALSE,TRUE,TRUE,0.929713249206543,0.833333333330207
"development","high_r2",100,8,202919289,"direct",FALSE,TRUE,TRUE,0.961661338806152,1.00000000000004
"development","high_r2",100,9,202919290,"direct",FALSE,TRUE,TRUE,0.951846440633138,1.00000000000004
"development","high_r2",100,10,202919291,"direct",FALSE,TRUE,TRUE,0.940759976704915,1.00000000000004
"fresh","ernst",20,1,902711282,"direct",FALSE,TRUE,TRUE,1.17945671081543,1.00000000000004
"fresh","ernst",20,2,902711283,"direct",FALSE,TRUE,TRUE,1.32310390472412,1.33333333333289
"fresh","ernst",20,4,902711285,"direct",FALSE,TRUE,TRUE,0.992178916931152,1.00000000000004
"fresh","ernst",20,7,902711288,"direct",FALSE,TRUE,TRUE,1.08802318572998,1.00000000000004
"fresh","ernst",20,8,902711289,"direct",FALSE,TRUE,TRUE,1.76509221394857,1.66666666666811
"fresh","ernst",20,9,902711290,"direct",FALSE,TRUE,TRUE,0.923832257588704,1.00000000000004
"fresh","ernst",20,10,902711291,"direct",FALSE,TRUE,TRUE,0.95065434773763,1.00000000000004
"fresh","ernst",100,1,902719282,"direct",FALSE,TRUE,TRUE,0.930666923522949,1.00000000000004
"fresh","ernst",100,2,902719283,"direct",FALSE,TRUE,TRUE,0.962257385253906,1.00000000000004
"fresh","ernst",100,3,902719284,"direct",FALSE,TRUE,TRUE,0.900427500406901,0.999999999997669
"fresh","ernst",100,4,902719285,"direct",FALSE,TRUE,TRUE,1.01423263549805,1.00000000000004
"fresh","ernst",100,5,902719286,"direct",FALSE,TRUE,TRUE,0.901142756144206,1.00000000000004
"fresh","ernst",100,6,902719287,"direct",FALSE,TRUE,TRUE,0.864545504252116,1.00000000000004
"fresh","ernst",100,7,902719288,"direct",FALSE,TRUE,TRUE,1.05353196461995,1.00000000000004
"fresh","ernst",100,8,902719289,"direct",FALSE,TRUE,TRUE,1.00501378377279,1.00000000000004
"fresh","ernst",100,9,902719290,"direct",FALSE,TRUE,TRUE,1.03441874186198,1.00000000000004
"fresh","ernst",100,10,902719291,"direct",FALSE,TRUE,TRUE,0.944852828979492,1.00000000000004
"fresh","weak_marker",20,1,902811282,"direct",FALSE,TRUE,TRUE,1.27764542897542,1.33333333333023
"fresh","weak_marker",20,3,902811284,"direct",FALSE,TRUE,TRUE,3.30531597137451,3.33333333333445
"fresh","weak_marker",20,4,902811285,"direct",FALSE,TRUE,TRUE,1.54725710550944,1.50000000000065
"fresh","weak_marker",20,6,902811287,"direct",FALSE,TRUE,TRUE,1.36216481526693,1.33333333333496
"fresh","weak_marker",20,8,902811289,"direct",FALSE,TRUE,TRUE,1.50108337402344,1.66666666666515
"fresh","weak_marker",100,1,902819282,"direct",FALSE,TRUE,TRUE,12.6591920852661,12.6666666666668
"fresh","weak_marker",100,2,902819283,"direct",FALSE,TRUE,TRUE,2.17656294504801,2.00000000000008
"fresh","weak_marker",100,4,902819285,"direct",FALSE,TRUE,TRUE,2.90322303771973,2.83333333333384
"fresh","weak_marker",100,5,902819286,"direct",FALSE,TRUE,TRUE,1.5103022257487,1.66666666666515
"fresh","weak_marker",100,8,902819289,"direct",FALSE,TRUE,TRUE,4.74715232849121,4.66666666666586
"fresh","weak_marker",100,9,902819290,"direct",FALSE,TRUE,TRUE,1.47020816802979,1.33333333333289
"fresh","high_r2",20,1,902911282,"direct",FALSE,TRUE,TRUE,0.953793525695801,1.00000000000004
"fresh","high_r2",20,2,902911283,"direct",FALSE,TRUE,TRUE,1.09465916951497,1.00000000000004
"fresh","high_r2",20,3,902911284,"direct",FALSE,TRUE,TRUE,0.945448875427246,1.00000000000004
"fresh","high_r2",20,4,902911285,"direct",FALSE,TRUE,TRUE,1.09211603800456,1.00000000000004
"fresh","high_r2",20,5,902911286,"direct",FALSE,TRUE,TRUE,1.14878018697103,1.16666666666676
"fresh","high_r2",20,6,902911287,"direct",FALSE,TRUE,TRUE,1.07498963673909,1.16666666666513
"fresh","high_r2",20,8,902911289,"direct",FALSE,TRUE,TRUE,1.00441773732503,1.00000000000004
"fresh","high_r2",20,9,902911290,"direct",FALSE,TRUE,TRUE,1.2061595916748,1.16666666666513
"fresh","high_r2",20,10,902911291,"direct",FALSE,TRUE,TRUE,1.5865166982015,1.66666666666634
"fresh","high_r2",100,1,902919282,"direct",FALSE,TRUE,TRUE,0.944932301839193,1.00000000000004
"fresh","high_r2",100,2,902919283,"direct",FALSE,TRUE,TRUE,0.891447067260742,1.00000000000004
"fresh","high_r2",100,3,902919284,"direct",FALSE,TRUE,TRUE,0.960151354471843,1.00000000000004
"fresh","high_r2",100,4,902919285,"direct",FALSE,TRUE,TRUE,0.992735226949056,1.00000000000004
"fresh","high_r2",100,5,902919286,"direct",FALSE,TRUE,TRUE,0.980416933695475,1.00000000000004
"fresh","high_r2",100,6,902919287,"direct",FALSE,TRUE,TRUE,0.960548718770345,1.00000000000004
"fresh","high_r2",100,7,902919288,"direct",FALSE,TRUE,TRUE,0.949382781982422,1.00000000000004
"fresh","high_r2",100,8,902919289,"direct",FALSE,TRUE,TRUE,1.0534127553304,1.16666666666513
"fresh","high_r2",100,9,902919290,"direct",FALSE,TRUE,TRUE,0.958005587259928,1.00000000000004
"fresh","high_r2",100,10,902919291,"direct",FALSE,TRUE,TRUE,1.0068416595459,1.16666666666513
"development","ernst",20,2,202711283,"ml",FALSE,TRUE,TRUE,0.521024068196615,0.666666666665705
"development","ernst",20,3,202711284,"ml",FALSE,TRUE,TRUE,0.638087590535482,0.666666666667481
"development","ernst",20,4,202711285,"ml",FALSE,TRUE,TRUE,0.411272048950195,0.333333333334925
"development","ernst",20,5,202711286,"ml",FALSE,TRUE,TRUE,0.442941983540853,0.500000000000611
"development","ernst",20,6,202711287,"ml",FALSE,TRUE,TRUE,0.397404034932454,0.500000000000019
"development","ernst",20,7,202711288,"ml",FALSE,TRUE,TRUE,0.469684600830078,0.333333333334925
"development","ernst",20,8,202711289,"ml",FALSE,TRUE,TRUE,0.433564186096191,0.333333333334185
"development","ernst",20,10,202711291,"ml",FALSE,TRUE,TRUE,0.428001085917155,0.333333333333149
"development","ernst",100,1,202719282,"ml",FALSE,TRUE,TRUE,0.400622685750326,0.333333333334925
"development","ernst",100,2,202719283,"ml",FALSE,TRUE,TRUE,0.43332576751709,0.333333333333741
"development","ernst",100,3,202719284,"ml",FALSE,TRUE,TRUE,0.380198160807292,0.500000000001203
"development","ernst",100,4,202719285,"ml",FALSE,TRUE,TRUE,0.401576360066732,0.333333333334333
"development","ernst",100,5,202719286,"ml",FALSE,TRUE,TRUE,0.419259071350098,0.333333333334333
"development","ernst",100,6,202719287,"ml",FALSE,TRUE,TRUE,0.424702962239583,0.333333333334925
"development","ernst",100,7,202719288,"ml",FALSE,TRUE,TRUE,0.420451164245605,0.333333333334925
"development","ernst",100,8,202719289,"ml",FALSE,TRUE,TRUE,0.386277834574381,0.333333333333741
"development","ernst",100,9,202719290,"ml",FALSE,TRUE,TRUE,0.40133794148763,0.333333333334925
"development","ernst",100,10,202719291,"ml",FALSE,TRUE,TRUE,0.388224919637044,0.333333333334925
"development","weak_marker",20,5,202811286,"ml",FALSE,TRUE,TRUE,0.520149866739909,0.666666666666297
"development","weak_marker",20,10,202811291,"ml",FALSE,TRUE,TRUE,0.981648763020833,1.00000000000004
"development","weak_marker",100,4,202819285,"ml",FALSE,TRUE,TRUE,0.570098559061686,0.500000000000019
"development","weak_marker",100,6,202819287,"ml",FALSE,TRUE,TRUE,0.847895940144857,0.833333333334944
"development","high_r2",20,1,202911282,"ml",FALSE,TRUE,TRUE,0.452915827433268,0.666666666662745
"development","high_r2",20,2,202911283,"ml",FALSE,TRUE,TRUE,0.441948572794596,0.333333333334185
"development","high_r2",20,3,202911284,"ml",FALSE,TRUE,TRUE,0.473499298095703,0.666666666662745
"development","high_r2",20,4,202911285,"ml",FALSE,TRUE,TRUE,0.520785649617513,0.500000000000611
"development","high_r2",20,5,202911286,"ml",FALSE,TRUE,TRUE,0.395576159159342,0.500000000000019
"development","high_r2",20,7,202911288,"ml",FALSE,TRUE,TRUE,0.509460767110189,0.500000000000019
"development","high_r2",20,8,202911289,"ml",FALSE,TRUE,TRUE,0.398397445678711,0.333333333332556
"development","high_r2",20,9,202911290,"ml",FALSE,TRUE,TRUE,0.420689582824707,0.333333333334333
"development","high_r2",20,10,202911291,"ml",FALSE,TRUE,TRUE,0.405232111612956,0.333333333334185
"development","high_r2",100,1,202919282,"ml",FALSE,TRUE,TRUE,0.416080156962077,0.333333333334333
"development","high_r2",100,2,202919283,"ml",FALSE,TRUE,TRUE,0.430385271708171,0.500000000000019
"development","high_r2",100,3,202919284,"ml",FALSE,TRUE,TRUE,0.417272249857585,0.500000000001203
"development","high_r2",100,4,202919285,"ml",FALSE,TRUE,TRUE,0.390330950419108,0.333333333331668
"development","high_r2",100,5,202919286,"ml",FALSE,TRUE,TRUE,0.39668877919515,0.333333333334037
"development","high_r2",100,6,202919287,"ml",FALSE,TRUE,TRUE,0.393112500508626,0.333333333334925
"development","high_r2",100,7,202919288,"ml",FALSE,TRUE,TRUE,0.403086344401042,0.333333333334037
"development","high_r2",100,8,202919289,"ml",FALSE,TRUE,TRUE,0.414292017618815,0.499999999999223
"development","high_r2",100,9,202919290,"ml",FALSE,TRUE,TRUE,0.418265660603841,0.333333333330188
"development","high_r2",100,10,202919291,"ml",FALSE,TRUE,TRUE,0.416437784830729,0.333333333334037
"fresh","ernst",20,6,902711287,"ml",FALSE,TRUE,TRUE,0.434676806131999,0.500000000000019
"fresh","ernst",20,9,902711290,"ml",FALSE,TRUE,TRUE,0.521659851074219,0.666666666666001
"fresh","ernst",20,10,902711291,"ml",FALSE,TRUE,TRUE,0.423431396484375,0.500000000000019
"fresh","ernst",100,1,902719282,"ml",FALSE,TRUE,TRUE,0.399072964986165,0.333333333333741
"fresh","ernst",100,2,902719283,"ml",FALSE,TRUE,TRUE,0.414649645487467,0.333333333334925
"fresh","ernst",100,3,902719284,"ml",FALSE,TRUE,TRUE,0.400424003601074,0.333333333333741
"fresh","ernst",100,4,902719285,"ml",FALSE,TRUE,TRUE,0.411669413248698,0.333333333334925
"fresh","ernst",100,5,902719286,"ml",FALSE,TRUE,TRUE,0.417550404866536,0.333333333334333
"fresh","ernst",100,6,902719287,"ml",FALSE,TRUE,TRUE,0.380674997965495,0.333333333333741
"fresh","ernst",100,7,902719288,"ml",FALSE,TRUE,TRUE,0.434954961140951,0.333333333334925
"fresh","ernst",100,8,902719289,"ml",FALSE,TRUE,TRUE,0.461339950561523,0.333333333333741
"fresh","ernst",100,9,902719290,"ml",FALSE,TRUE,TRUE,0.412543614705404,0.333333333333741
"fresh","ernst",100,10,902719291,"ml",FALSE,TRUE,TRUE,0.405748685201009,0.499999999999427
"fresh","weak_marker",20,10,902811291,"ml",FALSE,TRUE,TRUE,1.00886821746826,1.00000000000004
"fresh","weak_marker",100,6,902819287,"ml",FALSE,TRUE,TRUE,0.524640083312988,0.499999999996466
"fresh","weak_marker",100,7,902819288,"ml",FALSE,TRUE,TRUE,0.501751899719238,0.500000000000019
"fresh","weak_marker",100,9,902819290,"ml",FALSE,TRUE,TRUE,0.531792640686035,0.666666666665853
"fresh","high_r2",20,2,902911283,"ml",FALSE,TRUE,TRUE,0.608960787455241,0.666666666666297
"fresh","high_r2",20,3,902911284,"ml",FALSE,TRUE,TRUE,0.426371892293294,0.333333333334333
"fresh","high_r2",20,5,902911286,"ml",FALSE,TRUE,TRUE,0.527342160542806,0.666666666665853
"fresh","high_r2",20,6,902911287,"ml",FALSE,TRUE,TRUE,0.452836354573568,0.333333333334037
"fresh","high_r2",20,8,902911289,"ml",FALSE,TRUE,TRUE,0.475923220316569,0.499999999999131
"fresh","high_r2",20,9,902911290,"ml",FALSE,TRUE,TRUE,0.490228335062663,0.666666666662745
"fresh","high_r2",20,10,902911291,"ml",FALSE,TRUE,TRUE,0.512202580769857,0.666666666666297
"fresh","high_r2",100,1,902919282,"ml",FALSE,TRUE,TRUE,0.410954157511393,0.333333333333741
"fresh","high_r2",100,2,902919283,"ml",FALSE,TRUE,TRUE,0.4043181737264,0.500000000000019
"fresh","high_r2",100,3,902919284,"ml",FALSE,TRUE,TRUE,0.42875607808431,0.333333333334925
"fresh","high_r2",100,4,902919285,"ml",FALSE,TRUE,TRUE,0.399072964986165,0.333333333334925
"fresh","high_r2",100,5,902919286,"ml",FALSE,TRUE,TRUE,0.431736310323079,0.333333333334925
"fresh","high_r2",100,6,902919287,"ml",FALSE,TRUE,TRUE,0.395099322001139,0.333333333333741
"fresh","high_r2",100,7,902919288,"ml",FALSE,TRUE,TRUE,0.408172607421875,0.333333333334925
"fresh","high_r2",100,8,902919289,"ml",FALSE,TRUE,TRUE,0.412742296854655,0.333333333334185
"fresh","high_r2",100,9,902919290,"ml",FALSE,TRUE,TRUE,0.392556190490723,0.333333333331964
"fresh","high_r2",100,10,902919291,"ml",FALSE,TRUE,TRUE,0.410358111063639,0.333333333332556
"development","ernst",20,1,202711282,"warm",FALSE,TRUE,TRUE,1.30323568979899,1.33333333333023
"development","ernst",20,2,202711283,"warm",FALSE,TRUE,TRUE,1.67314211527507,1.66666666666574
"development","ernst",20,3,202711284,"warm",FALSE,TRUE,TRUE,1.83967749277751,2.00000000000008
"development","ernst",20,4,202711285,"warm",FALSE,TRUE,TRUE,1.29310290018717,1.33333333333407
"development","ernst",20,5,202711286,"warm",FALSE,TRUE,TRUE,1.50442123413086,1.66666666666574
"development","ernst",20,6,202711287,"warm",FALSE,TRUE,TRUE,1.20743115743001,1.00000000000004
"development","ernst",20,7,202711288,"warm",FALSE,TRUE,TRUE,0.54017702738444,0.666666666668666
"development","ernst",20,8,202711289,"warm",FALSE,TRUE,TRUE,1.2353261311849,1.33333333333185
"development","ernst",20,10,202711291,"warm",FALSE,TRUE,TRUE,1.21593475341797,1.33333333333437
"development","ernst",100,1,202719282,"warm",FALSE,TRUE,TRUE,0.526706377665202,0.500000000000019
"development","ernst",100,2,202719283,"warm",FALSE,TRUE,TRUE,0.530401865641276,0.666666666665113
"development","ernst",100,3,202719284,"warm",FALSE,TRUE,TRUE,0.483194986979167,0.666666666668074
"development","ernst",100,4,202719285,"warm",FALSE,TRUE,TRUE,1.21045112609863,1.33333333333437
"development","ernst",100,5,202719286,"warm",FALSE,TRUE,TRUE,0.526070594787598,0.500000000001203
"development","ernst",100,6,202719287,"warm",FALSE,TRUE,TRUE,0.503222147623698,0.666666666665113
"development","ernst",100,7,202719288,"warm",FALSE,TRUE,TRUE,0.542561213175456,0.666666666666297
"development","ernst",100,8,202719289,"warm",FALSE,TRUE,TRUE,0.503977139790853,0.333333333334925
"development","ernst",100,9,202719290,"warm",FALSE,TRUE,TRUE,0.486056009928385,0.500000000000019
"development","ernst",100,10,202719291,"warm",FALSE,TRUE,TRUE,0.487963358561198,0.666666666665113
"development","weak_marker",20,1,202811282,"warm",FALSE,TRUE,TRUE,4.90760803222656,5.00000000000019
"development","weak_marker",20,2,202811283,"warm",FALSE,TRUE,TRUE,3.50050131479899,3.50000000000013
"development","weak_marker",20,3,202811284,"warm",FALSE,TRUE,TRUE,5.25836149851481,5.16666666666528
"development","weak_marker",20,4,202811285,"warm",FALSE,TRUE,TRUE,4.08009688059489,4.16666666666643
"development","weak_marker",20,7,202811288,"warm",FALSE,TRUE,TRUE,2.16941038767497,2.33333333332967
"development","weak_marker",20,8,202811289,"warm",FALSE,TRUE,TRUE,6.64691130320231,6.50000000000025
"development","weak_marker",20,9,202811290,"warm",FALSE,TRUE,TRUE,0.673611958821615,0.66666666666837
"development","weak_marker",20,10,202811291,"warm",FALSE,TRUE,TRUE,2.47875849405925,2.49999999999773
"development","weak_marker",100,1,202819282,"warm",FALSE,TRUE,TRUE,12.911319732666,13.0000000000011
"development","weak_marker",100,2,202819283,"warm",FALSE,TRUE,TRUE,6.83168570200602,6.66666666666593
"development","weak_marker",100,3,202819284,"warm",FALSE,TRUE,TRUE,14.4599676132202,14.3333333333337
"development","weak_marker",100,4,202819285,"warm",FALSE,TRUE,TRUE,1.78670883178711,1.8333333333338
"development","weak_marker",100,5,202819286,"warm",FALSE,TRUE,TRUE,5.97504774729411,5.83333333333277
"development","weak_marker",100,6,202819287,"warm",FALSE,TRUE,TRUE,8.91792774200439,8.99999999999856
"development","weak_marker",100,9,202819290,"warm",FALSE,TRUE,TRUE,25.9129206339518,26.1666666666684
"development","high_r2",20,1,202911282,"warm",FALSE,TRUE,TRUE,1.3577938079834,1.33333333333378
"development","high_r2",20,2,202911283,"warm",FALSE,TRUE,TRUE,0.531156857808431,0.666666666662745
"development","high_r2",20,3,202911284,"warm",FALSE,TRUE,TRUE,1.48920218149821,1.50000000000006
"development","high_r2",20,4,202911285,"warm",FALSE,TRUE,TRUE,1.36657555898031,1.33333333333378
"development","high_r2",20,5,202911286,"warm",FALSE,TRUE,TRUE,0.50044059753418,0.333333333334925
"development","high_r2",20,6,202911287,"warm",FALSE,TRUE,TRUE,1.57304604848226,1.66666666666574
"development","high_r2",20,7,202911288,"warm",FALSE,TRUE,TRUE,1.20266278584798,1.1666666666675
"development","high_r2",20,8,202911289,"warm",FALSE,TRUE,TRUE,1.21315320332845,1.16666666666632
"development","high_r2",20,9,202911290,"warm",FALSE,TRUE,TRUE,1.38298670450846,1.33333333333023
"development","high_r2",20,10,202911291,"warm",FALSE,TRUE,TRUE,1.27573808034261,1.33333333333023
"development","high_r2",100,1,202919282,"warm",FALSE,TRUE,TRUE,1.23159090677897,1.333333333332
"development","high_r2",100,2,202919283,"warm",FALSE,TRUE,TRUE,0.516057014465332,0.500000000001203
"development","high_r2",100,3,202919284,"warm",FALSE,TRUE,TRUE,0.533143679300944,0.333333333334925
"development","high_r2",100,4,202919285,"warm",FALSE,TRUE,TRUE,1.22686227162679,1.33333333333023
"development","high_r2",100,5,202919286,"warm",FALSE,TRUE,TRUE,0.485857327779134,0.49999999999765
"development","high_r2",100,6,202919287,"warm",FALSE,TRUE,TRUE,0.512917836507161,0.333333333334925
"development","high_r2",100,7,202919288,"warm",FALSE,TRUE,TRUE,1.22300783793132,1.33333333333023
"development","high_r2",100,8,202919289,"warm",FALSE,TRUE,TRUE,0.530163447062174,0.666666666667481
"development","high_r2",100,9,202919290,"warm",FALSE,TRUE,TRUE,1.25722090403239,1.33333333333407
"development","high_r2",100,10,202919291,"warm",FALSE,TRUE,TRUE,1.23727321624756,1.33333333333141
"fresh","ernst",20,1,902711282,"warm",FALSE,TRUE,TRUE,6.68140252431234,6.8333333333334
"fresh","ernst",20,2,902711283,"warm",FALSE,TRUE,TRUE,4.1650136311849,4.16666666666761
"fresh","ernst",20,3,902711284,"warm",FALSE,TRUE,TRUE,1.41469637552897,1.333333333332
"fresh","ernst",20,4,902711285,"warm",FALSE,TRUE,TRUE,1.33415063222249,1.49999999999917
"fresh","ernst",20,7,902711288,"warm",FALSE,TRUE,TRUE,4.57457701365153,4.66666666666586
"fresh","ernst",20,8,902711289,"warm",FALSE,TRUE,TRUE,3.50630283355713,3.49999999999954
"fresh","ernst",20,9,902711290,"warm",FALSE,TRUE,TRUE,1.4423926671346,1.49999999999917
"fresh","ernst",20,10,902711291,"warm",FALSE,TRUE,TRUE,0.517010688781738,0.333333333334333
"fresh","ernst",100,1,902719282,"warm",FALSE,TRUE,TRUE,0.5112091700236,0.500000000001203
"fresh","ernst",100,2,902719283,"warm",FALSE,TRUE,TRUE,0.496347745259603,0.666666666666001
"fresh","ernst",100,3,902719284,"warm",FALSE,TRUE,TRUE,0.510414441426595,0.333333333333741
"fresh","ernst",100,4,902719285,"warm",FALSE,TRUE,TRUE,0.483433405558268,0.333333333334925
"fresh","ernst",100,5,902719286,"warm",FALSE,TRUE,TRUE,0.502268473307292,0.500000000001203
"fresh","ernst",100,6,902719287,"warm",FALSE,TRUE,TRUE,0.505407651265462,0.333333333334333
"fresh","ernst",100,7,902719288,"warm",FALSE,TRUE,TRUE,1.31269296010335,1.33333333333378
"fresh","ernst",100,8,902719289,"warm",FALSE,TRUE,TRUE,1.30216280619303,1.33333333333259
"fresh","ernst",100,9,902719290,"warm",FALSE,TRUE,TRUE,1.29274527231852,1.33333333333437
"fresh","ernst",100,10,902719291,"warm",FALSE,TRUE,TRUE,0.527421633402507,0.666666666665113
"fresh","weak_marker",20,1,902811282,"warm",FALSE,TRUE,TRUE,3.65960597991943,3.66666666666449
"fresh","weak_marker",20,3,902811284,"warm",FALSE,TRUE,TRUE,5.67380587259928,5.66666666666708
"fresh","weak_marker",20,4,902811285,"warm",FALSE,TRUE,TRUE,3.02219390869141,3.16666666666521
"fresh","weak_marker",20,6,902811287,"warm",FALSE,TRUE,TRUE,3.0365784962972,3.00000000000011
"fresh","weak_marker",20,8,902811289,"warm",FALSE,TRUE,TRUE,4.46776549021403,4.66666666666763
"fresh","weak_marker",100,1,902819282,"warm",FALSE,TRUE,TRUE,13.3910179138184,13.3333333333342
"fresh","weak_marker",100,2,902819283,"warm",FALSE,TRUE,TRUE,6.58361117045085,6.66666666666771
"fresh","weak_marker",100,4,902819285,"warm",FALSE,TRUE,TRUE,13.512134552002,13.5000000000005
"fresh","weak_marker",100,5,902819286,"warm",FALSE,TRUE,TRUE,1.63765748341878,1.66666666666589
"fresh","weak_marker",100,8,902819289,"warm",FALSE,TRUE,TRUE,9.35177008310954,9.33333333333763
"fresh","weak_marker",100,9,902819290,"warm",FALSE,TRUE,TRUE,0.652869542439779,0.666666666665853
"fresh","high_r2",20,1,902911282,"warm",FALSE,TRUE,TRUE,0.501036643981934,0.666666666667185
"fresh","high_r2",20,2,902911283,"warm",FALSE,TRUE,TRUE,1.37341022491455,1.33333333333259
"fresh","high_r2",20,3,902911284,"warm",FALSE,TRUE,TRUE,0.50652027130127,0.666666666665705
"fresh","high_r2",20,4,902911285,"warm",FALSE,TRUE,TRUE,1.84464454650879,1.83333333333261
"fresh","high_r2",20,5,902911286,"warm",FALSE,TRUE,TRUE,1.66324774424235,1.66666666666708
"fresh","high_r2",20,6,902911287,"warm",FALSE,TRUE,TRUE,0.517010688781738,0.500000000000019
"fresh","high_r2",20,7,902911288,"warm",FALSE,TRUE,TRUE,5.73949019114176,5.83333333333277
"fresh","high_r2",20,8,902911289,"warm",FALSE,TRUE,TRUE,1.37877464294434,1.33333333333496
"fresh","high_r2",20,9,902911290,"warm",FALSE,TRUE,TRUE,1.4650821685791,1.50000000000006
"fresh","high_r2",20,10,902911291,"warm",FALSE,TRUE,TRUE,1.49913628896077,1.33333333333496
"fresh","high_r2",100,1,902919282,"warm",FALSE,TRUE,TRUE,1.24446551005046,1.33333333333437
"fresh","high_r2",100,2,902919283,"warm",FALSE,TRUE,TRUE,1.197616259257,1.16666666666513
"fresh","high_r2",100,3,902919284,"warm",FALSE,TRUE,TRUE,0.507434209187826,0.333333333333741
"fresh","high_r2",100,4,902919285,"warm",FALSE,TRUE,TRUE,1.16586685180664,1.16666666666632
"fresh","high_r2",100,5,902919286,"warm",FALSE,TRUE,TRUE,0.51569938659668,0.333333333333741
"fresh","high_r2",100,6,902919287,"warm",FALSE,TRUE,TRUE,0.483274459838867,0.500000000000019
"fresh","high_r2",100,7,902919288,"warm",FALSE,TRUE,TRUE,1.25698248545329,1.16666666666632
"fresh","high_r2",100,8,902919289,"warm",FALSE,TRUE,TRUE,1.1897881825765,1.33333333333171
"fresh","high_r2",100,9,902919290,"warm",FALSE,TRUE,TRUE,0.507434209187826,0.666666666665113
"fresh","high_r2",100,10,902919291,"warm",FALSE,TRUE,TRUE,1.236359278361,1.33333333333259
"development","ernst",20,1,202711282,"cold",TRUE,TRUE,TRUE,1.35648250579834,1.33333333333437
"development","ernst",20,2,202711283,"cold",TRUE,TRUE,TRUE,1.4031728108724,1.33333333333496
"development","ernst",20,3,202711284,"cold",TRUE,TRUE,TRUE,1.60737832387288,1.50000000000006
"development","ernst",20,4,202711285,"cold",TRUE,TRUE,TRUE,1.40202045440674,1.33333333333023
"development","ernst",20,5,202711286,"cold",TRUE,TRUE,TRUE,1.47382418314616,1.66666666666574
"development","ernst",20,6,202711287,"cold",TRUE,TRUE,TRUE,1.31702423095703,1.33333333333141
"development","ernst",20,7,202711288,"cold",TRUE,TRUE,TRUE,0.426967938741048,0.500000000001203
"development","ernst",20,8,202711289,"cold",TRUE,TRUE,TRUE,1.20011965433756,1.00000000000004
"development","ernst",20,9,202711290,"cold",TRUE,TRUE,TRUE,9.49883460998535,9.66666666666664
"development","ernst",20,10,202711291,"cold",TRUE,TRUE,TRUE,1.21223926544189,1.33333333333417
"development","ernst",100,1,202719282,"cold",TRUE,TRUE,TRUE,0.396132469177246,0.333333333334333
"development","ernst",100,2,202719283,"cold",TRUE,TRUE,TRUE,0.389019648234049,0.333333333331372
"development","ernst",100,3,202719284,"cold",TRUE,TRUE,TRUE,0.40586789449056,0.333333333334333
"development","ernst",100,4,202719285,"cold",TRUE,TRUE,TRUE,1.45045916239421,1.49999999999769
"development","ernst",100,5,202719286,"cold",TRUE,TRUE,TRUE,0.416398048400879,0.499999999999427
"development","ernst",100,6,202719287,"cold",TRUE,TRUE,TRUE,0.401695569356283,0.500000000000019
"development","ernst",100,7,202719288,"cold",TRUE,TRUE,TRUE,0.404795010884603,0.333333333334333
"development","ernst",100,8,202719289,"cold",TRUE,TRUE,TRUE,0.411430994669596,0.333333333334925
"development","ernst",100,9,202719290,"cold",TRUE,TRUE,TRUE,0.396966934204102,0.333333333334925
"development","ernst",100,10,202719291,"cold",TRUE,TRUE,TRUE,0.385840733846029,0.500000000000019
"development","weak_marker",20,1,202811282,"cold",TRUE,TRUE,TRUE,3.61148516337077,3.66666666666641
"development","weak_marker",20,2,202811283,"cold",TRUE,TRUE,TRUE,7.05989201863607,7.00000000000027
"development","weak_marker",20,3,202811284,"cold",TRUE,TRUE,TRUE,2.50466664632161,2.66666666666637
"development","weak_marker",20,4,202811285,"cold",TRUE,TRUE,TRUE,3.54806582132975,3.66666666666641
"development","weak_marker",20,7,202811288,"cold",TRUE,TRUE,TRUE,9.00121529897054,8.99999999999856
"development","weak_marker",20,8,202811289,"cold",TRUE,TRUE,TRUE,6.60550594329834,6.66666666666534
"development","weak_marker",20,9,202811290,"cold",TRUE,TRUE,TRUE,0.521580378214518,0.666666666666001
"development","weak_marker",20,10,202811291,"cold",TRUE,TRUE,TRUE,2.1056334177653,2.00000000000008
"development","weak_marker",100,1,202819282,"cold",TRUE,TRUE,TRUE,16.1821047465006,16.3333333333332
"development","weak_marker",100,2,202819283,"cold",TRUE,TRUE,TRUE,4.96168931325277,5.00000000000019
"development","weak_marker",100,3,202819284,"cold",TRUE,TRUE,TRUE,11.2171570460002,11.3333333333327
"development","weak_marker",100,4,202819285,"cold",TRUE,TRUE,TRUE,1.94871425628662,1.83333333333261
"development","weak_marker",100,5,202819286,"cold",TRUE,TRUE,TRUE,6.45307699839274,6.33333333333278
"development","weak_marker",100,6,202819287,"cold",TRUE,TRUE,TRUE,7.1415106455485,7.16666666666773
"development","high_r2",20,1,202911282,"cold",TRUE,TRUE,TRUE,1.38286749521891,1.33333333333496
"development","high_r2",20,2,202911283,"cold",TRUE,TRUE,TRUE,0.446438789367676,0.500000000001203
"development","high_r2",20,3,202911284,"cold",TRUE,TRUE,TRUE,1.69511636098226,1.66666666666634
"development","high_r2",20,4,202911285,"cold",TRUE,TRUE,TRUE,1.46909554799398,1.66666666666515
"development","high_r2",20,5,202911286,"cold",TRUE,TRUE,TRUE,0.41345755259196,0.333333333333741
"development","high_r2",20,6,202911287,"cold",TRUE,TRUE,TRUE,1.94891293843587,2.00000000000008
"development","high_r2",20,7,202911288,"cold",TRUE,TRUE,TRUE,1.43516063690186,1.66666666666574
"development","high_r2",20,8,202911289,"cold",TRUE,TRUE,TRUE,1.17170810699463,1.00000000000241
"development","high_r2",20,9,202911290,"cold",TRUE,TRUE,TRUE,1.46810213724772,1.50000000000006
"development","high_r2",20,10,202911291,"cold",TRUE,TRUE,TRUE,1.22793515523275,1.33333333333185
"development","high_r2",100,1,202919282,"cold",TRUE,TRUE,TRUE,1.27673149108887,1.16666666666513
"development","high_r2",100,2,202919283,"cold",TRUE,TRUE,TRUE,0.415563583374023,0.333333333334333
"development","high_r2",100,3,202919284,"cold",TRUE,TRUE,TRUE,0.386714935302734,0.333333333333741
"development","high_r2",100,4,202919285,"cold",TRUE,TRUE,TRUE,1.31150086720784,1.33333333333171
"development","high_r2",100,5,202919286,"cold",TRUE,TRUE,TRUE,0.406702359517415,0.333333333332853
"development","high_r2",100,6,202919287,"cold",TRUE,TRUE,TRUE,0.391046206156413,0.333333333334333
"development","high_r2",100,7,202919288,"cold",TRUE,TRUE,TRUE,1.34611129760742,1.33333333333407
"development","high_r2",100,8,202919289,"cold",TRUE,TRUE,TRUE,0.426888465881348,0.499999999998835
"development","high_r2",100,9,202919290,"cold",TRUE,TRUE,TRUE,1.2659231821696,1.33333333333259
"development","high_r2",100,10,202919291,"cold",TRUE,TRUE,TRUE,1.31324927012126,1.33333333333141
"fresh","ernst",20,1,902711282,"cold",TRUE,TRUE,TRUE,7.58624076843262,7.50000000000028
"fresh","ernst",20,2,902711283,"cold",TRUE,TRUE,TRUE,6.07375303904215,5.99999999999786
"fresh","ernst",20,4,902711285,"cold",TRUE,TRUE,TRUE,1.35664145151774,1.33333333333407
"fresh","ernst",20,7,902711288,"cold",TRUE,TRUE,TRUE,7.68764813741048,7.50000000000028
"fresh","ernst",20,8,902711289,"cold",TRUE,TRUE,TRUE,3.76307964324951,3.83333333333328
"fresh","ernst",20,9,902711290,"cold",TRUE,TRUE,TRUE,1.40245755513509,1.33333333333407
"fresh","ernst",20,10,902711291,"cold",TRUE,TRUE,TRUE,0.398596127827962,0.333333333334925
"fresh","ernst",100,1,902719282,"cold",TRUE,TRUE,TRUE,0.390410423278809,0.333333333333741
"fresh","ernst",100,2,902719283,"cold",TRUE,TRUE,TRUE,0.40284792582194,0.500000000000019
"fresh","ernst",100,3,902719284,"cold",TRUE,TRUE,TRUE,0.380992889404297,0.333333333333741
"fresh","ernst",100,4,902719285,"cold",TRUE,TRUE,TRUE,0.414848327636719,0.333333333333149
"fresh","ernst",100,5,902719286,"cold",TRUE,TRUE,TRUE,0.415841738382975,0.333333333333149
"fresh","ernst",100,6,902719287,"cold",TRUE,TRUE,TRUE,0.37988026936849,0.500000000000019
"fresh","ernst",100,7,902719288,"cold",TRUE,TRUE,TRUE,1.36228402455648,1.33333333333259
"fresh","ernst",100,8,902719289,"cold",TRUE,TRUE,TRUE,1.39343738555908,1.33333333333141
"fresh","ernst",100,9,902719290,"cold",TRUE,TRUE,TRUE,1.3883113861084,1.66666666666515
"fresh","ernst",100,10,902719291,"cold",TRUE,TRUE,TRUE,0.388701756795247,0.333333333334925
"fresh","weak_marker",20,1,902811282,"cold",TRUE,TRUE,TRUE,3.08704376220703,3.16666666666521
"fresh","weak_marker",20,3,902811284,"cold",TRUE,TRUE,TRUE,4.28859392801921,4.33333333333389
"fresh","weak_marker",20,4,902811285,"cold",TRUE,TRUE,TRUE,5.26996453603109,5.16666666666765
"fresh","weak_marker",20,6,902811287,"cold",TRUE,TRUE,TRUE,2.84051895141602,2.83333333333324
"fresh","weak_marker",20,8,902811289,"cold",TRUE,TRUE,TRUE,2.97959645589193,3.00000000000011
"fresh","weak_marker",100,1,902819282,"cold",TRUE,TRUE,TRUE,14.0343109766642,14.1666666666656
"fresh","weak_marker",100,2,902819283,"cold",TRUE,TRUE,TRUE,4.30246194203695,4.16666666666525
"fresh","weak_marker",100,4,902819285,"cold",TRUE,TRUE,TRUE,12.3024781545003,12.1666666666679
"fresh","weak_marker",100,5,902819286,"cold",TRUE,TRUE,TRUE,1.99762980143229,2.00000000000008
"fresh","weak_marker",100,8,902819289,"cold",TRUE,TRUE,TRUE,17.5832907358805,17.4999999999995
"fresh","weak_marker",100,9,902819290,"cold",TRUE,TRUE,TRUE,0.559767087300618,0.666666666668666
"fresh","high_r2",20,1,902911282,"cold",TRUE,TRUE,TRUE,0.437339146931966,0.333333333332853
"fresh","high_r2",20,2,902911283,"cold",TRUE,TRUE,TRUE,1.55039628346761,1.66666666666515
"fresh","high_r2",20,3,902911284,"cold",TRUE,TRUE,TRUE,0.409682591756185,0.333333333334333
"fresh","high_r2",20,4,902911285,"cold",TRUE,TRUE,TRUE,3.41598192850749,3.33333333333385
"fresh","high_r2",20,5,902911286,"cold",TRUE,TRUE,TRUE,1.60253047943115,1.66666666666515
"fresh","high_r2",20,6,902911287,"cold",TRUE,TRUE,TRUE,0.417033831278483,0.500000000000907
"fresh","high_r2",20,8,902911289,"cold",TRUE,TRUE,TRUE,1.35978062947591,1.33333333333171
"fresh","high_r2",20,9,902911290,"cold",TRUE,TRUE,TRUE,1.69523557027181,1.66666666666722
"fresh","high_r2",20,10,902911291,"cold",TRUE,TRUE,TRUE,2.16404596964518,2.333333333335
"fresh","high_r2",100,1,902919282,"cold",TRUE,TRUE,TRUE,1.27859910329183,1.333333333332
"fresh","high_r2",100,2,902919283,"cold",TRUE,TRUE,TRUE,1.20886166890462,1.00000000000004
"fresh","high_r2",100,3,902919284,"cold",TRUE,TRUE,TRUE,0.417868296305339,0.333333333334925
"fresh","high_r2",100,4,902919285,"cold",TRUE,TRUE,TRUE,1.32250785827637,1.33333333333378
"fresh","high_r2",100,5,902919286,"cold",TRUE,TRUE,TRUE,0.399589538574219,0.333333333334333
"fresh","high_r2",100,6,902919287,"cold",TRUE,TRUE,TRUE,0.418663024902344,0.333333333334925
"fresh","high_r2",100,7,902919288,"cold",TRUE,TRUE,TRUE,1.3116995493571,1.33333333333378
"fresh","high_r2",100,8,902919289,"cold",TRUE,TRUE,TRUE,1.36931737263997,1.33333333333141
"fresh","high_r2",100,9,902919290,"cold",TRUE,TRUE,TRUE,0.392317771911621,0.333333333334333
"fresh","high_r2",100,10,902919291,"cold",TRUE,TRUE,TRUE,1.3434886932373,1.33333333333378
"development","ernst",20,1,202711282,"direct",TRUE,TRUE,TRUE,1.06000900268555,1.00000000000241
"development","ernst",20,2,202711283,"direct",TRUE,TRUE,TRUE,1.04971726735433,1.00000000000004
"development","ernst",20,3,202711284,"direct",TRUE,TRUE,TRUE,1.0141134262085,1.00000000000004
"development","ernst",20,4,202711285,"direct",TRUE,TRUE,TRUE,1.08897686004639,1.1666666666675
"development","ernst",20,5,202711286,"direct",TRUE,TRUE,TRUE,1.10673904418945,1.16666666666691
"development","ernst",20,6,202711287,"direct",TRUE,TRUE,TRUE,1.05945269266764,1.00000000000004
"development","ernst",20,7,202711288,"direct",TRUE,TRUE,TRUE,1.08885765075684,1.00000000000004
"development","ernst",20,8,202711289,"direct",TRUE,TRUE,TRUE,0.912388165791829,0.833333333334944
"development","ernst",20,9,202711290,"direct",TRUE,TRUE,TRUE,1.20735168457031,1.33333333333378
"development","ernst",20,10,202711291,"direct",TRUE,TRUE,TRUE,0.938296318054199,1.00000000000004
"development","ernst",100,1,202719282,"direct",TRUE,TRUE,TRUE,0.993132591247559,0.999999999997669
"development","ernst",100,2,202719283,"direct",TRUE,TRUE,TRUE,0.980416933695475,0.999999999997669
"development","ernst",100,3,202719284,"direct",TRUE,TRUE,TRUE,0.976681709289551,1.00000000000004
"development","ernst",100,4,202719285,"direct",TRUE,TRUE,TRUE,1.1063814163208,1.16666666666513
"development","ernst",100,5,202719286,"direct",TRUE,TRUE,TRUE,1.01590156555176,1.00000000000004
"development","ernst",100,6,202719287,"direct",TRUE,TRUE,TRUE,0.971357027689616,1.00000000000004
"development","ernst",100,7,202719288,"direct",TRUE,TRUE,TRUE,1.03433926900228,1.00000000000004
"development","ernst",100,8,202719289,"direct",TRUE,TRUE,TRUE,0.946362813313802,1.00000000000004
"development","ernst",100,9,202719290,"direct",TRUE,TRUE,TRUE,0.888347625732422,0.999999999997669
"development","ernst",100,10,202719291,"direct",TRUE,TRUE,TRUE,0.937461853027344,1.00000000000004
"development","weak_marker",20,1,202811282,"direct",TRUE,TRUE,TRUE,1.65398915608724,1.66666666666574
"development","weak_marker",20,2,202811283,"direct",TRUE,TRUE,TRUE,1.38219197591146,1.49999999999887
"development","weak_marker",20,3,202811284,"direct",TRUE,TRUE,TRUE,1.71399116516113,1.66666666667107
"development","weak_marker",20,4,202811285,"direct",TRUE,TRUE,TRUE,1.76997979482015,1.66666666666752
"development","weak_marker",20,7,202811288,"direct",TRUE,TRUE,TRUE,1.29965941111247,1.33333333333496
"development","weak_marker",20,8,202811289,"direct",TRUE,TRUE,TRUE,5.22859891255697,5.16666666666528
"development","weak_marker",20,9,202811290,"direct",TRUE,TRUE,TRUE,1.51666005452474,1.66666666666515
"development","weak_marker",20,10,202811291,"direct",TRUE,TRUE,TRUE,1.10431512196859,1.00000000000004
"development","weak_marker",100,1,202819282,"direct",TRUE,TRUE,TRUE,5.29591242472331,5.33333333333275
"development","weak_marker",100,2,202819283,"direct",TRUE,TRUE,TRUE,1.79866949717204,1.83333333333498
"development","weak_marker",100,3,202819284,"direct",TRUE,TRUE,TRUE,7.93786843617757,7.99999999999793
"development","weak_marker",100,4,202819285,"direct",TRUE,TRUE,TRUE,1.39478842417399,1.33333333333496
"development","weak_marker",100,5,202819286,"direct",TRUE,TRUE,TRUE,5.13100624084473,5.16666666666647
"development","weak_marker",100,6,202819287,"direct",TRUE,TRUE,TRUE,5.78399499257406,5.83333333333336
"development","high_r2",20,1,202911282,"direct",TRUE,TRUE,TRUE,0.994126001993815,1.00000000000004
"development","high_r2",20,2,202911283,"direct",TRUE,TRUE,TRUE,1.00429852803548,0.999999999998854
"development","high_r2",20,3,202911284,"direct",TRUE,TRUE,TRUE,1.25225385030111,1.33333333333378
"development","high_r2",20,4,202911285,"direct",TRUE,TRUE,TRUE,1.05551878611247,1.00000000000004
"development","high_r2",20,5,202911286,"direct",TRUE,TRUE,TRUE,0.97497304280599,1.00000000000004
"development","high_r2",20,6,202911287,"direct",TRUE,TRUE,TRUE,1.45113468170166,1.33333333333496
"development","high_r2",20,7,202911288,"direct",TRUE,TRUE,TRUE,1.15307172139486,1.33333333333023
"development","high_r2",20,8,202911289,"direct",TRUE,TRUE,TRUE,0.863194465637207,0.666666666666297
"development","high_r2",20,9,202911290,"direct",TRUE,TRUE,TRUE,1.09148025512695,1.16666666666513
"development","high_r2",20,10,202911291,"direct",TRUE,TRUE,TRUE,0.866572062174479,1.00000000000004
"development","high_r2",100,1,202919282,"direct",TRUE,TRUE,TRUE,0.953316688537598,1.00000000000004
"development","high_r2",100,2,202919283,"direct",TRUE,TRUE,TRUE,1.0686715443929,1.00000000000004
"development","high_r2",100,3,202919284,"direct",TRUE,TRUE,TRUE,0.948667526245117,1.00000000000004
"development","high_r2",100,4,202919285,"direct",TRUE,TRUE,TRUE,1.00517272949219,1.00000000000004
"development","high_r2",100,5,202919286,"direct",TRUE,TRUE,TRUE,0.87591012318929,0.66666666666985
"development","high_r2",100,6,202919287,"direct",TRUE,TRUE,TRUE,0.910600026448568,1.00000000000004
"development","high_r2",100,7,202919288,"direct",TRUE,TRUE,TRUE,0.99639097849528,1.00000000000004
"development","high_r2",100,8,202919289,"direct",TRUE,TRUE,TRUE,0.992894172668457,1.00000000000004
"development","high_r2",100,9,202919290,"direct",TRUE,TRUE,TRUE,0.906825065612793,0.833333333331095
"development","high_r2",100,10,202919291,"direct",TRUE,TRUE,TRUE,0.972588857014974,1.00000000000004
"fresh","ernst",20,1,902711282,"direct",TRUE,TRUE,TRUE,1.14885965983073,1.00000000000004
"fresh","ernst",20,2,902711283,"direct",TRUE,TRUE,TRUE,1.37090682983398,1.33333333333407
"fresh","ernst",20,4,902711285,"direct",TRUE,TRUE,TRUE,1.00068251291911,1.00000000000004
"fresh","ernst",20,7,902711288,"direct",TRUE,TRUE,TRUE,1.18263562520345,1.16666666666691
"fresh","ernst",20,8,902711289,"direct",TRUE,TRUE,TRUE,1.76115830739339,1.66666666666574
"fresh","ernst",20,9,902711290,"direct",TRUE,TRUE,TRUE,0.95673402150472,1.00000000000004
"fresh","ernst",20,10,902711291,"direct",TRUE,TRUE,TRUE,0.937859217325846,0.999999999997669
"fresh","ernst",100,1,902719282,"direct",TRUE,TRUE,TRUE,0.922242800394694,1.00000000000004
"fresh","ernst",100,2,902719283,"direct",TRUE,TRUE,TRUE,0.95518430074056,0.833333333333464
"fresh","ernst",100,3,902719284,"direct",TRUE,TRUE,TRUE,0.882585843404134,1.00000000000004
"fresh","ernst",100,4,902719285,"direct",TRUE,TRUE,TRUE,0.993132591247559,1.00000000000004
"fresh","ernst",100,5,902719286,"direct",TRUE,TRUE,TRUE,0.91091791788737,1.00000000000004
"fresh","ernst",100,6,902719287,"direct",TRUE,TRUE,TRUE,0.894586245218913,1.00000000000004
"fresh","ernst",100,7,902719288,"direct",TRUE,TRUE,TRUE,1.0140339533488,1.00000000000004
"fresh","ernst",100,8,902719289,"direct",TRUE,TRUE,TRUE,1.00946426391602,1.00000000000004
"fresh","ernst",100,9,902719290,"direct",TRUE,TRUE,TRUE,1.05567773183187,1.00000000000004
"fresh","ernst",100,10,902719291,"direct",TRUE,TRUE,TRUE,0.971396764119466,1.00000000000004
"fresh","weak_marker",20,1,902811282,"direct",TRUE,TRUE,TRUE,1.30287806193034,1.33333333333289
"fresh","weak_marker",20,3,902811284,"direct",TRUE,TRUE,TRUE,3.20573647816976,3.16666666666521
"fresh","weak_marker",20,4,902811285,"direct",TRUE,TRUE,TRUE,1.61532560984294,1.66666666666515
"fresh","weak_marker",20,6,902811287,"direct",TRUE,TRUE,TRUE,1.35326385498047,1.33333333333141
"fresh","weak_marker",20,8,902811289,"direct",TRUE,TRUE,TRUE,1.49091084798177,1.33333333333733
"fresh","weak_marker",100,1,902819282,"direct",TRUE,TRUE,TRUE,12.3496850331624,12.4999999999993
"fresh","weak_marker",100,2,902819283,"direct",TRUE,TRUE,TRUE,2.12899843851725,2.16666666666517
"fresh","weak_marker",100,4,902819285,"direct",TRUE,TRUE,TRUE,2.98806031545003,3.00000000000011
"fresh","weak_marker",100,5,902819286,"direct",TRUE,TRUE,TRUE,1.52913729349772,1.50000000000095
"fresh","weak_marker",100,8,902819289,"direct",TRUE,TRUE,TRUE,5.14543056488037,5.00000000000078
"fresh","weak_marker",100,9,902819290,"direct",TRUE,TRUE,TRUE,1.50756041208903,1.49999999999961
"fresh","high_r2",20,1,902911282,"direct",TRUE,TRUE,TRUE,0.95824400583903,1.00000000000004
"fresh","high_r2",20,2,902911283,"direct",TRUE,TRUE,TRUE,1.20953718821208,1.33333333333023
"fresh","high_r2",20,3,902911284,"direct",TRUE,TRUE,TRUE,0.95665454864502,1.00000000000004
"fresh","high_r2",20,4,902911285,"direct",TRUE,TRUE,TRUE,1.08114878336589,1.00000000000004
"fresh","high_r2",20,5,902911286,"direct",TRUE,TRUE,TRUE,1.16729736328125,1.33333333333185
"fresh","high_r2",20,6,902911287,"direct",TRUE,TRUE,TRUE,1.12454096476237,1.00000000000004
"fresh","high_r2",20,8,902911289,"direct",TRUE,TRUE,TRUE,0.995993614196777,1.00000000000004
"fresh","high_r2",20,9,902911290,"direct",TRUE,TRUE,TRUE,1.20723247528076,1.00000000000241
"fresh","high_r2",20,10,902911291,"direct",TRUE,TRUE,TRUE,1.58969561258952,1.50000000000006
"fresh","high_r2",100,1,902919282,"direct",TRUE,TRUE,TRUE,0.947713851928711,0.833333333331391
"fresh","high_r2",100,2,902919283,"direct",TRUE,TRUE,TRUE,0.887076059977214,1.00000000000004
"fresh","high_r2",100,3,902919284,"direct",TRUE,TRUE,TRUE,1.00910663604736,1.00000000000004
"fresh","high_r2",100,4,902919285,"direct",TRUE,TRUE,TRUE,0.965158144632975,1.00000000000241
"fresh","high_r2",100,5,902919286,"direct",TRUE,TRUE,TRUE,0.951687494913737,0.833333333332575
"fresh","high_r2",100,6,902919287,"direct",TRUE,TRUE,TRUE,0.983675320943197,0.833333333333168
"fresh","high_r2",100,7,902919288,"direct",TRUE,TRUE,TRUE,0.975410143534343,1.00000000000004
"fresh","high_r2",100,8,902919289,"direct",TRUE,TRUE,TRUE,0.997742017110189,1.00000000000004
"fresh","high_r2",100,9,902919290,"direct",TRUE,TRUE,TRUE,0.938574473063151,1.00000000000004
"fresh","high_r2",100,10,902919291,"direct",TRUE,TRUE,TRUE,1.0685920715332,1.00000000000241
"development","ernst",20,2,202711283,"ml",TRUE,TRUE,TRUE,0.528335571289062,0.666666666665113
"development","ernst",20,3,202711284,"ml",TRUE,TRUE,TRUE,0.625014305114746,0.666666666667481
"development","ernst",20,4,202711285,"ml",TRUE,TRUE,TRUE,0.441630681355794,0.333333333334037
"development","ernst",20,5,202711286,"ml",TRUE,TRUE,TRUE,0.455141067504883,0.500000000000611
"development","ernst",20,6,202711287,"ml",TRUE,TRUE,TRUE,0.405510266621908,0.333333333334925
"development","ernst",20,7,202711288,"ml",TRUE,TRUE,TRUE,0.455300013224284,0.333333333334925
"development","ernst",20,8,202711289,"ml",TRUE,TRUE,TRUE,0.462690989176432,0.333333333334925
"development","ernst",20,10,202711291,"ml",TRUE,TRUE,TRUE,0.417232513427734,0.333333333334333
"development","ernst",100,1,202719282,"ml",TRUE,TRUE,TRUE,0.441511472066244,0.666666666666001
"development","ernst",100,2,202719283,"ml",TRUE,TRUE,TRUE,0.411192576090495,0.333333333333741
"development","ernst",100,3,202719284,"ml",TRUE,TRUE,TRUE,0.464121500651042,0.500000000000406
"development","ernst",100,4,202719285,"ml",TRUE,TRUE,TRUE,0.414888064066569,0.333333333334925
"development","ernst",100,5,202719286,"ml",TRUE,TRUE,TRUE,0.428954760233561,0.499999999998835
"development","ernst",100,6,202719287,"ml",TRUE,TRUE,TRUE,0.404556592305501,0.333333333334925
"development","ernst",100,7,202719288,"ml",TRUE,TRUE,TRUE,0.434041023254395,0.500000000000019
"development","ernst",100,8,202719289,"ml",TRUE,TRUE,TRUE,0.434120496114095,0.333333333333741
"development","ernst",100,9,202719290,"ml",TRUE,TRUE,TRUE,0.412543614705404,0.333333333333741
"development","ernst",100,10,202719291,"ml",TRUE,TRUE,TRUE,0.404795010884603,0.500000000000019
"development","weak_marker",20,5,202811286,"ml",TRUE,TRUE,TRUE,0.526348749796549,0.666666666668074
"development","weak_marker",20,10,202811291,"ml",TRUE,TRUE,TRUE,0.963211059570312,1.00000000000241
"development","weak_marker",100,4,202819285,"ml",TRUE,TRUE,TRUE,0.557422637939453,0.666666666665113
"development","weak_marker",100,6,202819287,"ml",TRUE,TRUE,TRUE,0.908891359965007,1.00000000000004
"development","high_r2",20,1,202911282,"ml",TRUE,TRUE,TRUE,0.469406445821126,0.333333333334129
"development","high_r2",20,2,202911283,"ml",TRUE,TRUE,TRUE,0.436544418334961,0.49999999999765
"development","high_r2",20,3,202911284,"ml",TRUE,TRUE,TRUE,0.520428021748861,0.666666666666297
"development","high_r2",20,4,202911285,"ml",TRUE,TRUE,TRUE,0.524322191874186,0.66666666666985
"development","high_r2",20,5,202911286,"ml",TRUE,TRUE,TRUE,0.446955362955729,0.666666666666297
"development","high_r2",20,7,202911288,"ml",TRUE,TRUE,TRUE,0.482360521952311,0.333333333334925
"development","high_r2",20,8,202911289,"ml",TRUE,TRUE,TRUE,0.425497690836589,0.333333333334925
"development","high_r2",20,9,202911290,"ml",TRUE,TRUE,TRUE,0.418901443481445,0.500000000002387
"development","high_r2",20,10,202911291,"ml",TRUE,TRUE,TRUE,0.432928403218587,0.49999999999765
"development","high_r2",100,1,202919282,"ml",TRUE,TRUE,TRUE,0.419060389200846,0.500000000000019
"development","high_r2",100,2,202919283,"ml",TRUE,TRUE,TRUE,0.457366307576497,0.333333333331372
"development","high_r2",100,3,202919284,"ml",TRUE,TRUE,TRUE,0.433683395385742,0.333333333332556
"development","high_r2",100,4,202919285,"ml",TRUE,TRUE,TRUE,0.415722529093424,0.333333333334037
"development","high_r2",100,5,202919286,"ml",TRUE,TRUE,TRUE,0.392754872639974,0.49999999999765
"development","high_r2",100,6,202919287,"ml",TRUE,TRUE,TRUE,0.409642855326335,0.333333333334925
"development","high_r2",100,7,202919288,"ml",TRUE,TRUE,TRUE,0.416437784830729,0.333333333332853
"development","high_r2",100,8,202919289,"ml",TRUE,TRUE,TRUE,0.410278638203939,0.333333333332556
"development","high_r2",100,9,202919290,"ml",TRUE,TRUE,TRUE,0.414570172627767,0.333333333334925
"development","high_r2",100,10,202919291,"ml",TRUE,TRUE,TRUE,0.427563985188802,0.500000000000019
"fresh","ernst",20,6,902711287,"ml",TRUE,TRUE,TRUE,0.464002291361491,0.333333333334925
"fresh","ernst",20,9,902711290,"ml",TRUE,TRUE,TRUE,0.549157460530599,0.49999999999765
"fresh","ernst",20,10,902711291,"ml",TRUE,TRUE,TRUE,0.410755475362142,0.333333333333741
"fresh","ernst",100,1,902719282,"ml",TRUE,TRUE,TRUE,0.440080960591634,0.333333333333741
"fresh","ernst",100,2,902719283,"ml",TRUE,TRUE,TRUE,0.392317771911621,0.333333333334037
"fresh","ernst",100,3,902719284,"ml",TRUE,TRUE,TRUE,0.407059987386068,0.333333333331964
"fresh","ernst",100,4,902719285,"ml",TRUE,TRUE,TRUE,0.417947769165039,0.333333333334925
"fresh","ernst",100,5,902719286,"ml",TRUE,TRUE,TRUE,0.411391258239746,0.666666666666889
"fresh","ernst",100,6,902719287,"ml",TRUE,TRUE,TRUE,0.410318374633789,0.333333333334925
"fresh","ernst",100,7,902719288,"ml",TRUE,TRUE,TRUE,0.429431597391764,0.333333333332556
"fresh","ernst",100,8,902719289,"ml",TRUE,TRUE,TRUE,0.466465950012207,0.333333333334925
"fresh","ernst",100,9,902719290,"ml",TRUE,TRUE,TRUE,0.42263666788737,0.499999999996466
"fresh","ernst",100,10,902719291,"ml",TRUE,TRUE,TRUE,0.419457753499349,0.500000000000907
"fresh","weak_marker",20,10,902811291,"ml",TRUE,TRUE,TRUE,0.984549522399902,1.00000000000004
"fresh","weak_marker",100,6,902819287,"ml",TRUE,TRUE,TRUE,0.530878702799479,0.500000000000019
"fresh","weak_marker",100,7,902819288,"ml",TRUE,TRUE,TRUE,0.514984130859375,0.666666666666297
"fresh","weak_marker",100,9,902819290,"ml",TRUE,TRUE,TRUE,0.533580780029297,0.666666666667481
"fresh","high_r2",20,2,902911283,"ml",TRUE,TRUE,TRUE,0.629941622416178,0.666666666667481
"fresh","high_r2",20,3,902911284,"ml",TRUE,TRUE,TRUE,0.479658444722494,0.333333333332556
"fresh","high_r2",20,5,902911286,"ml",TRUE,TRUE,TRUE,0.564734141031901,0.666666666668666
"fresh","high_r2",20,6,902911287,"ml",TRUE,TRUE,TRUE,0.481049219767253,0.499999999999131
"fresh","high_r2",20,8,902911289,"ml",TRUE,TRUE,TRUE,0.448862711588542,0.500000000000019
"fresh","high_r2",20,9,902911290,"ml",TRUE,TRUE,TRUE,0.520586967468262,0.333333333334037
"fresh","high_r2",20,10,902911291,"ml",TRUE,TRUE,TRUE,0.530004501342773,0.333333333334925
"fresh","high_r2",100,1,902919282,"ml",TRUE,TRUE,TRUE,0.447789827982585,0.333333333334333
"fresh","high_r2",100,2,902919283,"ml",TRUE,TRUE,TRUE,0.420848528544108,0.666666666665113
"fresh","high_r2",100,3,902919284,"ml",TRUE,TRUE,TRUE,0.45629342397054,0.333333333333741
"fresh","high_r2",100,4,902919285,"ml",TRUE,TRUE,TRUE,0.410834948221842,0.333333333333149
"fresh","high_r2",100,5,902919286,"ml",TRUE,TRUE,TRUE,0.4425048828125,0.333333333333741
"fresh","high_r2",100,6,902919287,"ml",TRUE,TRUE,TRUE,0.41349728902181,0.500000000000019
"fresh","high_r2",100,7,902919288,"ml",TRUE,TRUE,TRUE,0.423749287923177,0.333333333333741
"fresh","high_r2",100,8,902919289,"ml",TRUE,TRUE,TRUE,0.408649444580078,0.333333333334925
"fresh","high_r2",100,9,902919290,"ml",TRUE,TRUE,TRUE,0.408569971720378,0.500000000000019
"fresh","high_r2",100,10,902919291,"ml",TRUE,TRUE,TRUE,0.463644663492839,0.333333333333741
"development","ernst",20,1,202711282,"warm",TRUE,TRUE,TRUE,1.28602981567383,1.33333333333141
"development","ernst",20,2,202711283,"warm",TRUE,TRUE,TRUE,1.65156523386637,1.66666666666515
"development","ernst",20,3,202711284,"warm",TRUE,TRUE,TRUE,1.78118546803792,1.83333333333321
"development","ernst",20,4,202711285,"warm",TRUE,TRUE,TRUE,1.3205607732137,1.33333333333407
"development","ernst",20,5,202711286,"warm",TRUE,TRUE,TRUE,1.52492523193359,1.50000000000065
"development","ernst",20,6,202711287,"warm",TRUE,TRUE,TRUE,1.26123428344727,1.33333333333496
"development","ernst",20,7,202711288,"warm",TRUE,TRUE,TRUE,0.522494316101074,0.666666666665705
"development","ernst",20,8,202711289,"warm",TRUE,TRUE,TRUE,1.27756595611572,1.33333333333407
"development","ernst",20,10,202711291,"warm",TRUE,TRUE,TRUE,1.24224026997884,1.33333333333417
"development","ernst",100,1,202719282,"warm",TRUE,TRUE,TRUE,0.504374504089355,0.666666666662745
"development","ernst",100,2,202719283,"warm",TRUE,TRUE,TRUE,0.500798225402832,0.666666666666297
"development","ernst",100,3,202719284,"warm",TRUE,TRUE,TRUE,0.526150067647298,0.666666666662745
"development","ernst",100,4,202719285,"warm",TRUE,TRUE,TRUE,1.2742280960083,1.33333333333358
"development","ernst",100,5,202719286,"warm",TRUE,TRUE,TRUE,0.513434410095215,0.500000000000019
"development","ernst",100,6,202719287,"warm",TRUE,TRUE,TRUE,0.494480133056641,0.666666666666297
"development","ernst",100,7,202719288,"warm",TRUE,TRUE,TRUE,0.553091367085775,0.666666666668666
"development","ernst",100,8,202719289,"warm",TRUE,TRUE,TRUE,0.510652860005697,0.500000000000019
"development","ernst",100,9,202719290,"warm",TRUE,TRUE,TRUE,0.514984130859375,0.333333333334925
"development","ernst",100,10,202719291,"warm",TRUE,TRUE,TRUE,0.520547231038411,0.666666666665113
"development","weak_marker",20,1,202811282,"warm",TRUE,TRUE,TRUE,3.39396794637044,3.33333333333149
"development","weak_marker",20,2,202811283,"warm",TRUE,TRUE,TRUE,7.22285111745199,7.16666666666654
"development","weak_marker",20,3,202811284,"warm",TRUE,TRUE,TRUE,2.2197167078654,2.16666666666754
"development","weak_marker",20,4,202811285,"warm",TRUE,TRUE,TRUE,3.34628423055013,3.33333333333445
"development","weak_marker",20,7,202811288,"warm",TRUE,TRUE,TRUE,8.63051414489746,8.6666666666666
"development","weak_marker",20,8,202811289,"warm",TRUE,TRUE,TRUE,6.42351309458415,6.50000000000025
"development","weak_marker",20,9,202811290,"warm",TRUE,TRUE,TRUE,0.661730766296387,0.666666666666001
"development","weak_marker",20,10,202811291,"warm",TRUE,TRUE,TRUE,2.39443778991699,2.49999999999891
"development","weak_marker",100,1,202819282,"warm",TRUE,TRUE,TRUE,15.6722068786621,15.6666666666669
"development","weak_marker",100,2,202819283,"warm",TRUE,TRUE,TRUE,5.12440999348958,5.16666666666528
"development","weak_marker",100,3,202819284,"warm",TRUE,TRUE,TRUE,11.0255877176921,11.1666666666661
"development","weak_marker",100,4,202819285,"warm",TRUE,TRUE,TRUE,1.71959400177002,1.66666666666515
"development","weak_marker",100,5,202819286,"warm",TRUE,TRUE,TRUE,6.06902440388997,6.00000000000141
"development","weak_marker",100,6,202819287,"warm",TRUE,TRUE,TRUE,6.81869188944499,6.8333333333334
"development","weak_marker",100,9,202819290,"warm",TRUE,TRUE,TRUE,23.9691734313965,24.0000000000009
"development","high_r2",20,1,202911282,"warm",TRUE,TRUE,TRUE,1.41533215840658,1.33333333333378
"development","high_r2",20,2,202911283,"warm",TRUE,TRUE,TRUE,0.534772872924805,0.666666666667037
"development","high_r2",20,3,202911284,"warm",TRUE,TRUE,TRUE,1.45641962687174,1.66666666666634
"development","high_r2",20,4,202911285,"warm",TRUE,TRUE,TRUE,1.38680140177409,1.33333333333496
"development","high_r2",20,5,202911286,"warm",TRUE,TRUE,TRUE,0.559647878011068,0.500000000001203
"development","high_r2",20,6,202911287,"warm",TRUE,TRUE,TRUE,1.6332467397054,1.66666666666574
"development","high_r2",20,7,202911288,"warm",TRUE,TRUE,TRUE,1.24613444010417,1.333333333332
"development","high_r2",20,8,202911289,"warm",TRUE,TRUE,TRUE,1.20687484741211,1.33333333333496
"development","high_r2",20,9,202911290,"warm",TRUE,TRUE,TRUE,1.38572851816813,1.33333333333407
"development","high_r2",20,10,202911291,"warm",TRUE,TRUE,TRUE,1.32509072621663,1.33333333333653
"development","high_r2",100,1,202919282,"warm",TRUE,TRUE,TRUE,1.25416119893392,1.33333333333319
"development","high_r2",100,2,202919283,"warm",TRUE,TRUE,TRUE,0.536561012268066,0.666666666667481
"development","high_r2",100,3,202919284,"warm",TRUE,TRUE,TRUE,0.531633694966634,0.666666666665113
"development","high_r2",100,4,202919285,"warm",TRUE,TRUE,TRUE,1.22201442718506,1.33333333333023
"development","high_r2",100,5,202919286,"warm",TRUE,TRUE,TRUE,0.493725140889486,0.666666666665113
"development","high_r2",100,6,202919287,"warm",TRUE,TRUE,TRUE,0.504573186238607,0.49999999999765
"development","high_r2",100,7,202919288,"warm",TRUE,TRUE,TRUE,1.22177600860596,1.33333333333171
"development","high_r2",100,8,202919289,"warm",TRUE,TRUE,TRUE,0.525792439778646,0.666666666665113
"development","high_r2",100,9,202919290,"warm",TRUE,TRUE,TRUE,1.22129917144775,1.16666666666513
"development","high_r2",100,10,202919291,"warm",TRUE,TRUE,TRUE,1.30808353424072,1.16666666666632
"fresh","ernst",20,2,902711283,"warm",TRUE,TRUE,TRUE,5.95215956370036,6.00000000000023
"fresh","ernst",20,4,902711285,"warm",TRUE,TRUE,TRUE,1.39025847117106,1.50000000000065
"fresh","ernst",20,7,902711288,"warm",TRUE,TRUE,TRUE,8.37433338165283,8.33333333333464
"fresh","ernst",20,8,902711289,"warm",TRUE,TRUE,TRUE,3.34866841634115,3.50000000000013
"fresh","ernst",20,9,902711290,"warm",TRUE,TRUE,TRUE,1.49460633595785,1.66666666666604
"fresh","ernst",20,10,902711291,"warm",TRUE,TRUE,TRUE,0.50659974416097,0.500000000001795
"fresh","ernst",100,1,902719282,"warm",TRUE,TRUE,TRUE,0.548124313354492,0.666666666665113
"fresh","ernst",100,2,902719283,"warm",TRUE,TRUE,TRUE,0.502665837605794,0.333333333333741
"fresh","ernst",100,3,902719284,"warm",TRUE,TRUE,TRUE,0.515063603719076,0.500000000000611
"fresh","ernst",100,4,902719285,"warm",TRUE,TRUE,TRUE,0.55086612701416,0.666666666665705
"fresh","ernst",100,5,902719286,"warm",TRUE,TRUE,TRUE,0.514745712280273,0.666666666667481
"fresh","ernst",100,6,902719287,"warm",TRUE,TRUE,TRUE,0.543912251790365,0.666666666667481
"fresh","ernst",100,7,902719288,"warm",TRUE,TRUE,TRUE,1.31817658742269,1.33333333333378
"fresh","ernst",100,8,902719289,"warm",TRUE,TRUE,TRUE,1.2747844060262,1.16666666666513
"fresh","ernst",100,9,902719290,"warm",TRUE,TRUE,TRUE,1.29449367523193,1.33333333333259
"fresh","ernst",100,10,902719291,"warm",TRUE,TRUE,TRUE,0.528693199157715,0.666666666667185
"fresh","weak_marker",20,1,902811282,"warm",TRUE,TRUE,TRUE,2.80392169952393,2.83333333333147
"fresh","weak_marker",20,3,902811284,"warm",TRUE,TRUE,TRUE,4.03761863708496,4.16666666666525
"fresh","weak_marker",20,4,902811285,"warm",TRUE,TRUE,TRUE,5.04974524180094,5.16666666666765
"fresh","weak_marker",20,6,902811287,"warm",TRUE,TRUE,TRUE,2.52799193064372,2.50000000000009
"fresh","weak_marker",20,8,902811289,"warm",TRUE,TRUE,TRUE,2.49902407328288,2.49999999999773
"fresh","weak_marker",100,1,902819282,"warm",TRUE,TRUE,TRUE,13.5756333669027,13.6666666666644
"fresh","weak_marker",100,2,902819283,"warm",TRUE,TRUE,TRUE,4.03948624928792,4.00000000000015
"fresh","weak_marker",100,4,902819285,"warm",TRUE,TRUE,TRUE,11.7417971293132,11.6666666666667
"fresh","weak_marker",100,5,902819286,"warm",TRUE,TRUE,TRUE,1.56315167744954,1.66666666666515
"fresh","weak_marker",100,8,902819289,"warm",TRUE,TRUE,TRUE,15.3977076212565,15.5000000000018
"fresh","weak_marker",100,9,902819290,"warm",TRUE,TRUE,TRUE,0.636061032613118,0.666666666668221
"fresh","high_r2",20,1,902911282,"warm",TRUE,TRUE,TRUE,0.536481539408366,0.500000000000611
"fresh","high_r2",20,2,902911283,"warm",TRUE,TRUE,TRUE,1.29461288452148,1.33333333333141
"fresh","high_r2",20,3,902911284,"warm",TRUE,TRUE,TRUE,0.544985135396322,0.333333333334333
"fresh","high_r2",20,4,902911285,"warm",TRUE,TRUE,TRUE,3.0593474706014,3.16666666666639
"fresh","high_r2",20,5,902911286,"warm",TRUE,TRUE,TRUE,1.68764591217041,1.66666666666589
"fresh","high_r2",20,6,902911287,"warm",TRUE,TRUE,TRUE,0.56306521097819,0.500000000000019
"fresh","high_r2",20,8,902911289,"warm",TRUE,TRUE,TRUE,1.35103861490885,1.33333333333407
"fresh","high_r2",20,9,902911290,"warm",TRUE,TRUE,TRUE,1.53172016143799,1.66666666666693
"fresh","high_r2",20,10,902911291,"warm",TRUE,TRUE,TRUE,1.50895118713379,1.33333333333378
"fresh","high_r2",100,1,902919282,"warm",TRUE,TRUE,TRUE,1.26290321350098,1.33333333333259
"fresh","high_r2",100,2,902919283,"warm",TRUE,TRUE,TRUE,1.25205516815186,1.33333333333259
"fresh","high_r2",100,3,902919284,"warm",TRUE,TRUE,TRUE,0.532309214274089,0.333333333333741
"fresh","high_r2",100,4,902919285,"warm",TRUE,TRUE,TRUE,1.24148527781169,1.33333333333141
"fresh","high_r2",100,5,902919286,"warm",TRUE,TRUE,TRUE,0.513553619384766,0.666666666666297
"fresh","high_r2",100,6,902919287,"warm",TRUE,TRUE,TRUE,0.530123710632324,0.499999999999427
"fresh","high_r2",100,7,902919288,"warm",TRUE,TRUE,TRUE,1.27768516540527,1.33333333333378
"fresh","high_r2",100,8,902919289,"warm",TRUE,TRUE,TRUE,1.28797690073649,1.33333333333304
"fresh","high_r2",100,9,902919290,"warm",TRUE,TRUE,TRUE,0.507076581319173,0.333333333334925
"fresh","high_r2",100,10,902919291,"warm",TRUE,TRUE,TRUE,1.2819766998291,1.33333333333141
