"quantity","param","n","law","reps","true_value","mean_est","mc_sd","mean_se","mean_kappa","mean_df","method","coverage","miss_lower","miss_upper","mean_width"
"alpha",,20,"normal",300,0.851753325272068,0.832934460921703,0.0644621817895413,0.0519782724524765,4.96102791251985,12.6556336737422,"wald",0.91,0.06,0.03,0.203751083970929
"alpha",,20,"normal",300,0.851753325272068,0.832934460921703,0.0644621817895413,0.0519782724524765,4.96102791251985,12.6556336737422,"kc",0.943333333333333,0.0433333333333333,0.0133333333333333,0.237027671204595
"alpha",,20,"normal",300,0.851753325272068,0.832934460921703,0.0644621817895413,0.0519782724524765,4.96102791251985,12.6556336737422,"twald",0.896666666666667,0.0366666666666667,0.0666666666666667,0.204732625007467
"alpha",,20,"normal",300,0.851753325272068,0.832934460921703,0.0644621817895413,0.0519782724524765,4.96102791251985,12.6556336737422,"tkc",0.92,0.03,0.05,0.237976269648275
"alpha",,100,"normal",300,0.851753325272068,0.845584033431486,0.0225726445142206,0.0231760600273579,8.39154846625085,36.5279623012557,"wald",0.946666666666667,0.03,0.0233333333333333,0.0908484859143195
"alpha",,100,"normal",300,0.851753325272068,0.845584033431486,0.0225726445142206,0.0231760600273579,8.39154846625085,36.5279623012557,"kc",0.956666666666667,0.0233333333333333,0.02,0.0954055216048793
"alpha",,100,"normal",300,0.851753325272068,0.845584033431486,0.0225726445142206,0.0231760600273579,8.39154846625085,36.5279623012557,"twald",0.943333333333333,0.0166666666666667,0.04,0.0912326197047615
"alpha",,100,"normal",300,0.851753325272068,0.845584033431486,0.0225726445142206,0.0231760600273579,8.39154846625085,36.5279623012557,"tkc",0.95,0.0166666666666667,0.0333333333333333,0.0958625273873193
"alpha",,20,"contaminated",300,0.851753325272068,0.821209742926224,0.095501867881845,0.0626161758499238,6.94025487672141,8.8997789844714,"wald",0.81,0.15,0.04,0.245450899030955
"alpha",,20,"contaminated",300,0.851753325272068,0.821209742926224,0.095501867881845,0.0626161758499238,6.94025487672141,8.8997789844714,"kc",0.863333333333333,0.11,0.0266666666666667,0.302893729225293
"alpha",,20,"contaminated",300,0.851753325272068,0.821209742926224,0.095501867881845,0.0626161758499238,6.94025487672141,8.8997789844714,"twald",0.813333333333333,0.103333333333333,0.0833333333333333,0.240122116124537
"alpha",,20,"contaminated",300,0.851753325272068,0.821209742926224,0.095501867881845,0.0626161758499238,6.94025487672141,8.8997789844714,"tkc",0.906666666666667,0.04,0.0533333333333333,0.294918963062192
"alpha",,100,"contaminated",300,0.851753325272068,0.844707288425093,0.041033398788345,0.0329371265768799,23.4314883194929,12.4226951030252,"wald",0.883333333333333,0.07,0.0466666666666667,0.129111163689843
"alpha",,100,"contaminated",300,0.851753325272068,0.844707288425093,0.041033398788345,0.0329371265768799,23.4314883194929,12.4226951030252,"kc",0.92,0.05,0.03,0.151174906298742
"alpha",,100,"contaminated",300,0.851753325272068,0.844707288425093,0.041033398788345,0.0329371265768799,23.4314883194929,12.4226951030252,"twald",0.873333333333333,0.05,0.0766666666666667,0.130315524992282
"alpha",,100,"contaminated",300,0.851753325272068,0.844707288425093,0.041033398788345,0.0329371265768799,23.4314883194929,12.4226951030252,"tkc",0.91,0.0266666666666667,0.0633333333333333,0.153622435384411
"correlation",0,20,"normal",300,0,0.000934976068434293,0.241424995160499,0.189638554565064,4.61066168010576,13.0624465299098,"wald",0.836666666666667,0.0833333333333333,0.08,0.743369474055518
"correlation",0,20,"normal",300,0,0.000934976068434293,0.241424995160499,0.189638554565064,4.61066168010576,13.0624465299098,"kc",0.87,0.0633333333333333,0.0666666666666667,0.84344944608953
"correlation",0,20,"normal",300,0,0.000934976068434293,0.241424995160499,0.189638554565064,4.61066168010576,13.0624465299098,"twald",0.863333333333333,0.07,0.0666666666666667,0.709367867427499
"correlation",0,20,"normal",300,0,0.000934976068434293,0.241424995160499,0.189638554565064,4.61066168010576,13.0624465299098,"tkc",0.896666666666667,0.05,0.0533333333333333,0.792373214843066
"correlation",0,100,"normal",300,0,-0.00301894872835495,0.0986362816411382,0.0964679599925733,7.45248868431524,36.7861082366335,"wald",0.943333333333333,0.0233333333333333,0.0333333333333333,0.378147454494989
"correlation",0,100,"normal",300,0,-0.00301894872835495,0.0986362816411382,0.0964679599925733,7.45248868431524,36.7861082366335,"kc",0.953333333333333,0.0166666666666667,0.03,0.394039555884455
"correlation",0,100,"normal",300,0,-0.00301894872835495,0.0986362816411382,0.0964679599925733,7.45248868431524,36.7861082366335,"twald",0.946666666666667,0.02,0.0333333333333333,0.373625149919778
"correlation",0,100,"normal",300,0,-0.00301894872835495,0.0986362816411382,0.0964679599925733,7.45248868431524,36.7861082366335,"tkc",0.956666666666667,0.0133333333333333,0.03,0.388889950675863
"correlation",0,20,"contaminated",300,0,-0.0169614948472149,0.303495171356202,0.21072903516541,7.00834995604674,9.19176407724191,"wald",0.763333333333333,0.103333333333333,0.133333333333333,0.826042638842157
"correlation",0,20,"contaminated",300,0,-0.0169614948472149,0.303495171356202,0.21072903516541,7.00834995604674,9.19176407724191,"kc",0.833333333333333,0.06,0.106666666666667,1.04027192810395
"correlation",0,20,"contaminated",300,0,-0.0169614948472149,0.303495171356202,0.21072903516541,7.00834995604674,9.19176407724191,"twald",0.813333333333333,0.07,0.116666666666667,0.778591101500448
"correlation",0,20,"contaminated",300,0,-0.0169614948472149,0.303495171356202,0.21072903516541,7.00834995604674,9.19176407724191,"tkc",0.883333333333333,0.0433333333333333,0.0733333333333333,0.938799358580911
"correlation",0,100,"contaminated",300,0,-0.00863415676844441,0.153211790827012,0.138087752347345,25.1906325784549,10.9440843214802,"wald",0.893333333333333,0.04,0.0666666666666667,0.541294042613765
"correlation",0,100,"contaminated",300,0,-0.00863415676844441,0.153211790827012,0.138087752347345,25.1906325784549,10.9440843214802,"kc",0.946666666666667,0.0133333333333333,0.04,0.649599919552122
"correlation",0,100,"contaminated",300,0,-0.00863415676844441,0.153211790827012,0.138087752347345,25.1906325784549,10.9440843214802,"twald",0.923333333333333,0.0266666666666667,0.05,0.526889322478282
"correlation",0,100,"contaminated",300,0,-0.00863415676844441,0.153211790827012,0.138087752347345,25.1906325784549,10.9440843214802,"tkc",0.966666666666667,0.01,0.0233333333333333,0.621232617686611
"correlation",0.9,20,"normal",300,0.9,0.894855154600995,0.0532968512641806,0.0408354896431029,4.79594232793375,12.491921655373,"wald",0.856666666666667,0.136666666666667,0.00666666666666667,0.16007217798308
"correlation",0.9,20,"normal",300,0.9,0.894855154600995,0.0532968512641806,0.0408354896431029,4.79594232793375,12.491921655373,"kc",0.873333333333333,0.12,0.00666666666666667,0.182472036346873
"correlation",0.9,20,"normal",300,0.9,0.894855154600995,0.0532968512641806,0.0408354896431029,4.79594232793375,12.491921655373,"twald",0.883333333333333,0.08,0.0366666666666667,0.172224412346454
"correlation",0.9,20,"normal",300,0.9,0.894855154600995,0.0532968512641806,0.0408354896431029,4.79594232793375,12.491921655373,"tkc",0.913333333333333,0.06,0.0266666666666667,0.201428785704425
"correlation",0.9,100,"normal",300,0.9,0.899991786406962,0.0194140977086004,0.0185806474381886,7.34895696497886,36.8087740367183,"wald",0.946666666666667,0.0433333333333333,0.01,0.0728347995765722
"correlation",0.9,100,"normal",300,0.9,0.899991786406962,0.0194140977086004,0.0185806474381886,7.34895696497886,36.8087740367183,"kc",0.953333333333333,0.0366666666666667,0.01,0.0758379028514469
"correlation",0.9,100,"normal",300,0.9,0.899991786406962,0.0194140977086004,0.0185806474381886,7.34895696497886,36.8087740367183,"twald",0.953333333333333,0.02,0.0266666666666667,0.0741237360398257
"correlation",0.9,100,"normal",300,0.9,0.899991786406962,0.0194140977086004,0.0185806474381886,7.34895696497886,36.8087740367183,"tkc",0.956666666666667,0.02,0.0233333333333333,0.077301631541809
"correlation",0.9,20,"contaminated",300,0.9,0.886890535315777,0.0759531538554704,0.0482911707949027,7.21957299060955,8.69119219516669,"wald",0.78,0.196666666666667,0.0233333333333333,0.189297911058564
"correlation",0.9,20,"contaminated",300,0.9,0.886890535315777,0.0759531538554704,0.0482911707949027,7.21957299060955,8.69119219516669,"kc",0.83,0.153333333333333,0.0166666666666667,0.237920093012586
"correlation",0.9,20,"contaminated",300,0.9,0.886890535315777,0.0759531538554704,0.0482911707949027,7.21957299060955,8.69119219516669,"twald",0.813333333333333,0.103333333333333,0.0833333333333333,0.207440446496593
"correlation",0.9,20,"contaminated",300,0.9,0.886890535315777,0.0759531538554704,0.0482911707949027,7.21957299060955,8.69119219516669,"tkc",0.88,0.0566666666666667,0.0633333333333333,0.278315859676397
"correlation",0.9,100,"contaminated",300,0.9,0.901048715759728,0.0291173840205619,0.0264701496485614,25.8122395359036,11.1558989581802,"wald",0.896666666666667,0.0933333333333333,0.01,0.103761079953132
"correlation",0.9,100,"contaminated",300,0.9,0.901048715759728,0.0291173840205619,0.0264701496485614,25.8122395359036,11.1558989581802,"kc",0.926666666666667,0.0666666666666667,0.00666666666666667,0.125040660032078
"correlation",0.9,100,"contaminated",300,0.9,0.901048715759728,0.0291173840205619,0.0264701496485614,25.8122395359036,11.1558989581802,"twald",0.913333333333333,0.05,0.0366666666666667,0.108212068300506
"correlation",0.9,100,"contaminated",300,0.9,0.901048715759728,0.0291173840205619,0.0264701496485614,25.8122395359036,11.1558989581802,"tkc",0.96,0.0233333333333333,0.0166666666666667,0.134422469346902
