"n","role","distribution","larger","cell_id","production_reps","geometry","test","method","draws","available","failures","rejection","lower","upper","null_p_critical","size_adjusted_power"
100,"null","normal","correct",1,2000,"expected","score","sb",20,20,0,0,1.38777878078145e-17,0.161125158052819,,
100,"null","normal","correct",1,2000,"observed","score","sb",20,20,0,0,1.38777878078145e-17,0.161125158052819,,
100,"null","normal","correct",1,2000,"expected","score","peba4",20,20,0,0,1.38777878078145e-17,0.161125158052819,,
100,"null","normal","correct",1,2000,"observed","score","peba4",20,20,0,0,1.38777878078145e-17,0.161125158052819,,
100,"null","normal","correct",1,2000,"expected","lr","sb",20,20,0,0.05,0.00888144880079537,0.236131193446742,,
100,"null","normal","correct",1,2000,"observed","lr","sb",20,20,0,0.05,0.00888144880079537,0.236131193446742,,
100,"null","normal","correct",1,2000,"expected","lr","peba4",20,20,0,0.05,0.00888144880079537,0.236131193446742,,
100,"null","normal","correct",1,2000,"observed","lr","peba4",20,20,0,0.05,0.00888144880079537,0.236131193446742,,
300,"null","normal","correct",2,2000,"expected","score","sb",20,20,0,0,1.38777878078145e-17,0.161125158052819,,
300,"null","normal","correct",2,2000,"observed","score","sb",20,20,0,0,1.38777878078145e-17,0.161125158052819,,
300,"null","normal","correct",2,2000,"expected","score","peba4",20,20,0,0,1.38777878078145e-17,0.161125158052819,,
300,"null","normal","correct",2,2000,"observed","score","peba4",20,20,0,0,1.38777878078145e-17,0.161125158052819,,
300,"null","normal","correct",2,2000,"expected","lr","sb",20,20,0,0,1.38777878078145e-17,0.161125158052819,,
300,"null","normal","correct",2,2000,"observed","lr","sb",20,20,0,0,1.38777878078145e-17,0.161125158052819,,
300,"null","normal","correct",2,2000,"expected","lr","peba4",20,20,0,0,1.38777878078145e-17,0.161125158052819,,
300,"null","normal","correct",2,2000,"observed","lr","peba4",20,20,0,0,1.38777878078145e-17,0.161125158052819,,
100,"power","normal","correct",3,1000,"expected","score","sb",20,20,0,0.05,0.00888144880079537,0.236131193446742,0.0604184070969239,0.1
100,"power","normal","correct",3,1000,"observed","score","sb",20,20,0,0,1.38777878078145e-17,0.161125158052819,0.0894592553200673,0
100,"power","normal","correct",3,1000,"expected","score","peba4",20,20,0,0.05,0.00888144880079537,0.236131193446742,0.0616773271827432,0.1
100,"power","normal","correct",3,1000,"observed","score","peba4",20,20,0,0,1.38777878078145e-17,0.161125158052819,0.0906995289004629,0
100,"power","normal","correct",3,1000,"expected","lr","sb",20,20,0,0.1,0.0278664812137682,0.301033645228487,0.0416570971189527,0.1
100,"power","normal","correct",3,1000,"observed","lr","sb",20,20,0,0.1,0.0278664812137682,0.301033645228487,0.0438633754778332,0.1
100,"power","normal","correct",3,1000,"expected","lr","peba4",20,20,0,0.1,0.0278664812137682,0.301033645228487,0.0422832528732498,0.1
100,"power","normal","correct",3,1000,"observed","lr","peba4",20,20,0,0.1,0.0278664812137682,0.301033645228487,0.0445749705256533,0.1
300,"power","normal","correct",4,1000,"expected","score","sb",20,20,0,0.2,0.0806576625797981,0.416017432251894,0.108988148499089,0.35
300,"power","normal","correct",4,1000,"observed","score","sb",20,20,0,0.2,0.0806576625797981,0.416017432251894,0.119777890184181,0.35
300,"power","normal","correct",4,1000,"expected","score","peba4",20,20,0,0.2,0.0806576625797981,0.416017432251894,0.10914042527237,0.35
300,"power","normal","correct",4,1000,"observed","score","peba4",20,20,0,0.2,0.0806576625797981,0.416017432251894,0.11997450762437,0.35
300,"power","normal","correct",4,1000,"expected","lr","sb",20,20,0,0.25,0.111861701407666,0.468700877618744,0.0969663184934639,0.35
300,"power","normal","correct",4,1000,"observed","lr","sb",20,20,0,0.25,0.111861701407666,0.468700877618744,0.100548291805741,0.35
300,"power","normal","correct",4,1000,"expected","lr","peba4",20,20,0,0.25,0.111861701407666,0.468700877618744,0.0970858983521634,0.35
300,"power","normal","correct",4,1000,"observed","lr","peba4",20,20,0,0.25,0.111861701407666,0.468700877618744,0.100706949912396,0.35
100,"null","skewed","correct",5,2000,"expected","score","sb",20,20,0,0.2,0.0806576625797981,0.416017432251894,,
100,"null","skewed","correct",5,2000,"observed","score","sb",20,20,0,0.1,0.0278664812137682,0.301033645228487,,
100,"null","skewed","correct",5,2000,"expected","score","peba4",20,20,0,0.15,0.0523687458962166,0.360418864740757,,
100,"null","skewed","correct",5,2000,"observed","score","peba4",20,20,0,0.1,0.0278664812137682,0.301033645228487,,
100,"null","skewed","correct",5,2000,"expected","lr","sb",20,20,0,0.25,0.111861701407666,0.468700877618744,,
100,"null","skewed","correct",5,2000,"observed","lr","sb",20,20,0,0.25,0.111861701407666,0.468700877618744,,
100,"null","skewed","correct",5,2000,"expected","lr","peba4",20,20,0,0.25,0.111861701407666,0.468700877618744,,
100,"null","skewed","correct",5,2000,"observed","lr","peba4",20,20,0,0.25,0.111861701407666,0.468700877618744,,
300,"null","skewed","correct",6,2000,"expected","score","sb",20,20,0,0.05,0.00888144880079537,0.236131193446742,,
300,"null","skewed","correct",6,2000,"observed","score","sb",20,20,0,0.05,0.00888144880079537,0.236131193446742,,
300,"null","skewed","correct",6,2000,"expected","score","peba4",20,20,0,0.05,0.00888144880079537,0.236131193446742,,
300,"null","skewed","correct",6,2000,"observed","score","peba4",20,20,0,0.05,0.00888144880079537,0.236131193446742,,
300,"null","skewed","correct",6,2000,"expected","lr","sb",20,20,0,0.05,0.00888144880079537,0.236131193446742,,
300,"null","skewed","correct",6,2000,"observed","lr","sb",20,20,0,0.05,0.00888144880079537,0.236131193446742,,
300,"null","skewed","correct",6,2000,"expected","lr","peba4",20,20,0,0.05,0.00888144880079537,0.236131193446742,,
300,"null","skewed","correct",6,2000,"observed","lr","peba4",20,20,0,0.05,0.00888144880079537,0.236131193446742,,
100,"power","skewed","correct",7,1000,"expected","score","sb",20,20,0,0.05,0.00888144880079537,0.236131193446742,0.000503270638771951,0
100,"power","skewed","correct",7,1000,"observed","score","sb",20,20,0,0,1.38777878078145e-17,0.161125158052819,0.00316656137449051,0
100,"power","skewed","correct",7,1000,"expected","score","peba4",20,20,0,0.05,0.00888144880079537,0.236131193446742,0.000704137735189568,0
100,"power","skewed","correct",7,1000,"observed","score","peba4",20,20,0,0,1.38777878078145e-17,0.161125158052819,0.00454948169244066,0
100,"power","skewed","correct",7,1000,"expected","lr","sb",20,20,0,0.2,0.0806576625797981,0.416017432251894,7.64877304756424e-05,0
100,"power","skewed","correct",7,1000,"observed","lr","sb",20,20,0,0.15,0.0523687458962166,0.360418864740757,0.000118713576646458,0
100,"power","skewed","correct",7,1000,"expected","lr","peba4",20,20,0,0.15,0.0523687458962166,0.360418864740757,0.000159094793862125,0
100,"power","skewed","correct",7,1000,"observed","lr","peba4",20,20,0,0.15,0.0523687458962166,0.360418864740757,0.000229359910883988,0
300,"power","skewed","correct",8,1000,"expected","score","sb",20,20,0,0.1,0.0278664812137682,0.301033645228487,0.00562059377952994,0
300,"power","skewed","correct",8,1000,"observed","score","sb",20,20,0,0.1,0.0278664812137682,0.301033645228487,0.0066810225227678,0
300,"power","skewed","correct",8,1000,"expected","score","peba4",20,20,0,0.1,0.0278664812137682,0.301033645228487,0.0062720702449839,0
300,"power","skewed","correct",8,1000,"observed","score","peba4",20,20,0,0.1,0.0278664812137682,0.301033645228487,0.00719879390041682,0
300,"power","skewed","correct",8,1000,"expected","lr","sb",20,20,0,0.1,0.0278664812137682,0.301033645228487,0.00708808870232155,0
300,"power","skewed","correct",8,1000,"observed","lr","sb",20,20,0,0.1,0.0278664812137682,0.301033645228487,0.00765516422091656,0
300,"power","skewed","correct",8,1000,"expected","lr","peba4",20,20,0,0.1,0.0278664812137682,0.301033645228487,0.00793410644402633,0
300,"power","skewed","correct",8,1000,"observed","lr","peba4",20,20,0,0.1,0.0278664812137682,0.301033645228487,0.00856575227000106,0
100,"null","normal","mild",9,2000,"expected","score","sb",20,20,0,0,1.38777878078145e-17,0.161125158052819,,
100,"null","normal","mild",9,2000,"observed","score","sb",20,20,0,0,1.38777878078145e-17,0.161125158052819,,
100,"null","normal","mild",9,2000,"expected","score","peba4",20,20,0,0,1.38777878078145e-17,0.161125158052819,,
100,"null","normal","mild",9,2000,"observed","score","peba4",20,20,0,0,1.38777878078145e-17,0.161125158052819,,
100,"null","normal","mild",9,2000,"expected","lr","sb",20,20,0,0,1.38777878078145e-17,0.161125158052819,,
100,"null","normal","mild",9,2000,"observed","lr","sb",20,20,0,0,1.38777878078145e-17,0.161125158052819,,
100,"null","normal","mild",9,2000,"expected","lr","peba4",20,20,0,0,1.38777878078145e-17,0.161125158052819,,
100,"null","normal","mild",9,2000,"observed","lr","peba4",20,20,0,0,1.38777878078145e-17,0.161125158052819,,
300,"null","normal","mild",10,2000,"expected","score","sb",20,20,0,0,1.38777878078145e-17,0.161125158052819,,
300,"null","normal","mild",10,2000,"observed","score","sb",20,20,0,0,1.38777878078145e-17,0.161125158052819,,
300,"null","normal","mild",10,2000,"expected","score","peba4",20,20,0,0,1.38777878078145e-17,0.161125158052819,,
300,"null","normal","mild",10,2000,"observed","score","peba4",20,20,0,0,1.38777878078145e-17,0.161125158052819,,
300,"null","normal","mild",10,2000,"expected","lr","sb",20,20,0,0,1.38777878078145e-17,0.161125158052819,,
300,"null","normal","mild",10,2000,"observed","lr","sb",20,20,0,0,1.38777878078145e-17,0.161125158052819,,
300,"null","normal","mild",10,2000,"expected","lr","peba4",20,20,0,0,1.38777878078145e-17,0.161125158052819,,
300,"null","normal","mild",10,2000,"observed","lr","peba4",20,20,0,0,1.38777878078145e-17,0.161125158052819,,
100,"power","normal","mild",11,1000,"expected","score","sb",20,20,0,0.05,0.00888144880079537,0.236131193446742,0.0686240351831146,0.1
100,"power","normal","mild",11,1000,"observed","score","sb",20,20,0,0,1.38777878078145e-17,0.161125158052819,0.142348700189211,0.2
100,"power","normal","mild",11,1000,"expected","score","peba4",20,20,0,0.05,0.00888144880079537,0.236131193446742,0.0697002561899198,0.1
100,"power","normal","mild",11,1000,"observed","score","peba4",20,20,0,0,1.38777878078145e-17,0.161125158052819,0.143067422281107,0.2
100,"power","normal","mild",11,1000,"expected","lr","sb",20,20,0,0.05,0.00888144880079537,0.236131193446742,0.0513143120967293,0.05
100,"power","normal","mild",11,1000,"observed","lr","sb",20,20,0,0.05,0.00888144880079537,0.236131193446742,0.0540256324824091,0.05
100,"power","normal","mild",11,1000,"expected","lr","peba4",20,20,0,0.05,0.00888144880079537,0.236131193446742,0.0522397307161232,0.05
100,"power","normal","mild",11,1000,"observed","lr","peba4",20,20,0,0.05,0.00888144880079537,0.236131193446742,0.0552218103220234,0.05
300,"power","normal","mild",12,1000,"expected","score","sb",20,20,0,0.3,0.145477244867604,0.518972818353523,0.247340642939135,0.55
300,"power","normal","mild",12,1000,"observed","score","sb",20,20,0,0.2,0.0806576625797981,0.416017432251894,0.259463860081658,0.55
300,"power","normal","mild",12,1000,"expected","score","peba4",20,20,0,0.3,0.145477244867604,0.518972818353523,0.247303759903263,0.55
300,"power","normal","mild",12,1000,"observed","score","peba4",20,20,0,0.2,0.0806576625797981,0.416017432251894,0.259372688453593,0.55
300,"power","normal","mild",12,1000,"expected","lr","sb",20,20,0,0.35,0.181191824101082,0.567145723314764,0.229425450566114,0.5
300,"power","normal","mild",12,1000,"observed","lr","sb",20,20,0,0.3,0.145477244867604,0.518972818353523,0.235426608802334,0.5
300,"power","normal","mild",12,1000,"expected","lr","peba4",20,20,0,0.35,0.181191824101082,0.567145723314764,0.229451628041026,0.5
300,"power","normal","mild",12,1000,"observed","lr","peba4",20,20,0,0.3,0.145477244867604,0.518972818353523,0.235436389906301,0.5
100,"null","skewed","mild",13,2000,"expected","score","sb",20,20,0,0.05,0.00888144880079537,0.236131193446742,,
100,"null","skewed","mild",13,2000,"observed","score","sb",20,20,0,0,1.38777878078145e-17,0.161125158052819,,
100,"null","skewed","mild",13,2000,"expected","score","peba4",20,20,0,0.05,0.00888144880079537,0.236131193446742,,
100,"null","skewed","mild",13,2000,"observed","score","peba4",20,20,0,0,1.38777878078145e-17,0.161125158052819,,
100,"null","skewed","mild",13,2000,"expected","lr","sb",20,20,0,0.15,0.0523687458962166,0.360418864740757,,
100,"null","skewed","mild",13,2000,"observed","lr","sb",20,20,0,0.15,0.0523687458962166,0.360418864740757,,
100,"null","skewed","mild",13,2000,"expected","lr","peba4",20,20,0,0.15,0.0523687458962166,0.360418864740757,,
100,"null","skewed","mild",13,2000,"observed","lr","peba4",20,20,0,0.15,0.0523687458962166,0.360418864740757,,
300,"null","skewed","mild",14,2000,"expected","score","sb",20,20,0,0.05,0.00888144880079537,0.236131193446742,,
300,"null","skewed","mild",14,2000,"observed","score","sb",20,20,0,0,1.38777878078145e-17,0.161125158052819,,
300,"null","skewed","mild",14,2000,"expected","score","peba4",20,20,0,0.05,0.00888144880079537,0.236131193446742,,
300,"null","skewed","mild",14,2000,"observed","score","peba4",20,20,0,0,1.38777878078145e-17,0.161125158052819,,
300,"null","skewed","mild",14,2000,"expected","lr","sb",20,20,0,0.1,0.0278664812137682,0.301033645228487,,
300,"null","skewed","mild",14,2000,"observed","lr","sb",20,20,0,0.1,0.0278664812137682,0.301033645228487,,
300,"null","skewed","mild",14,2000,"expected","lr","peba4",20,20,0,0.1,0.0278664812137682,0.301033645228487,,
300,"null","skewed","mild",14,2000,"observed","lr","peba4",20,20,0,0.05,0.00888144880079537,0.236131193446742,,
100,"power","skewed","mild",15,1000,"expected","score","sb",20,20,0,0,1.38777878078145e-17,0.161125158052819,0.0237572774899437,0
100,"power","skewed","mild",15,1000,"observed","score","sb",20,20,0,0,1.38777878078145e-17,0.161125158052819,0.0525866657656482,0
100,"power","skewed","mild",15,1000,"expected","score","peba4",20,20,0,0,1.38777878078145e-17,0.161125158052819,0.0288639011168461,0
100,"power","skewed","mild",15,1000,"observed","score","peba4",20,20,0,0,1.38777878078145e-17,0.161125158052819,0.0550931844355237,0
100,"power","skewed","mild",15,1000,"expected","lr","sb",20,20,0,0.05,0.00888144880079537,0.236131193446742,0.00122328970474429,0
100,"power","skewed","mild",15,1000,"observed","lr","sb",20,20,0,0.05,0.00888144880079537,0.236131193446742,0.00275272049515395,0
100,"power","skewed","mild",15,1000,"expected","lr","peba4",20,20,0,0.05,0.00888144880079537,0.236131193446742,0.00192467468811086,0
100,"power","skewed","mild",15,1000,"observed","lr","peba4",20,20,0,0.05,0.00888144880079537,0.236131193446742,0.00423517847936439,0
300,"power","skewed","mild",16,1000,"expected","score","sb",20,20,0,0.15,0.0523687458962166,0.360418864740757,0.0478172082891148,0.1
300,"power","skewed","mild",16,1000,"observed","score","sb",20,20,0,0.05,0.00888144880079537,0.236131193446742,0.0570822492539663,0.15
300,"power","skewed","mild",16,1000,"expected","score","peba4",20,20,0,0.1,0.0278664812137682,0.301033645228487,0.0492090328510682,0.1
300,"power","skewed","mild",16,1000,"observed","score","peba4",20,20,0,0.05,0.00888144880079537,0.236131193446742,0.0584846483101439,0.15
300,"power","skewed","mild",16,1000,"expected","lr","sb",20,20,0,0.2,0.0806576625797981,0.416017432251894,0.0363489155692432,0.1
300,"power","skewed","mild",16,1000,"observed","lr","sb",20,20,0,0.2,0.0806576625797981,0.416017432251894,0.038650968542295,0.1
300,"power","skewed","mild",16,1000,"expected","lr","peba4",20,20,0,0.2,0.0806576625797981,0.416017432251894,0.03812977886506,0.1
300,"power","skewed","mild",16,1000,"observed","lr","peba4",20,20,0,0.2,0.0806576625797981,0.416017432251894,0.0404613853977417,0.1
100,"null","normal","strong",17,2000,"expected","score","sb",20,20,0,0.2,0.0806576625797981,0.416017432251894,,
100,"null","normal","strong",17,2000,"observed","score","sb",20,20,0,0.1,0.0278664812137682,0.301033645228487,,
100,"null","normal","strong",17,2000,"expected","score","peba4",20,20,0,0.2,0.0806576625797981,0.416017432251894,,
100,"null","normal","strong",17,2000,"observed","score","peba4",20,20,0,0.05,0.00888144880079537,0.236131193446742,,
100,"null","normal","strong",17,2000,"expected","lr","sb",20,20,0,0.3,0.145477244867604,0.518972818353523,,
100,"null","normal","strong",17,2000,"observed","lr","sb",20,20,0,0.2,0.0806576625797981,0.416017432251894,,
100,"null","normal","strong",17,2000,"expected","lr","peba4",20,20,0,0.3,0.145477244867604,0.518972818353523,,
100,"null","normal","strong",17,2000,"observed","lr","peba4",20,20,0,0.15,0.0523687458962166,0.360418864740757,,
300,"null","normal","strong",18,2000,"expected","score","sb",20,20,0,0.1,0.0278664812137682,0.301033645228487,,
300,"null","normal","strong",18,2000,"observed","score","sb",20,20,0,0.05,0.00888144880079537,0.236131193446742,,
300,"null","normal","strong",18,2000,"expected","score","peba4",20,20,0,0.1,0.0278664812137682,0.301033645228487,,
300,"null","normal","strong",18,2000,"observed","score","peba4",20,20,0,0.05,0.00888144880079537,0.236131193446742,,
300,"null","normal","strong",18,2000,"expected","lr","sb",20,20,0,0.15,0.0523687458962166,0.360418864740757,,
300,"null","normal","strong",18,2000,"observed","lr","sb",20,20,0,0.05,0.00888144880079537,0.236131193446742,,
300,"null","normal","strong",18,2000,"expected","lr","peba4",20,20,0,0.15,0.0523687458962166,0.360418864740757,,
300,"null","normal","strong",18,2000,"observed","lr","peba4",20,20,0,0.05,0.00888144880079537,0.236131193446742,,
100,"power","normal","strong",19,1000,"expected","score","sb",20,20,0,0.3,0.145477244867604,0.518972818353523,0.0142760384196369,0.05
100,"power","normal","strong",19,1000,"observed","score","sb",20,20,0,0.05,0.00888144880079537,0.236131193446742,0.0420680966689403,0.05
100,"power","normal","strong",19,1000,"expected","score","peba4",20,20,0,0.3,0.145477244867604,0.518972818353523,0.0145188633124075,0.05
100,"power","normal","strong",19,1000,"observed","score","peba4",20,20,0,0.05,0.00888144880079537,0.236131193446742,0.0425703842628061,0.05
100,"power","normal","strong",19,1000,"expected","lr","sb",20,20,0,0.3,0.145477244867604,0.518972818353523,0.00207102898315934,0.05
100,"power","normal","strong",19,1000,"observed","lr","sb",20,20,0,0.25,0.111861701407666,0.468700877618744,0.00370392844315388,0
100,"power","normal","strong",19,1000,"expected","lr","peba4",20,20,0,0.3,0.145477244867604,0.518972818353523,0.00244649111130385,0.05
100,"power","normal","strong",19,1000,"observed","lr","peba4",20,20,0,0.2,0.0806576625797981,0.416017432251894,0.00447707996763659,0
300,"power","normal","strong",20,1000,"expected","score","sb",20,20,0,0.25,0.111861701407666,0.468700877618744,0.0343668051904156,0.2
300,"power","normal","strong",20,1000,"observed","score","sb",20,20,0,0.25,0.111861701407666,0.468700877618744,0.0347210708353506,0.2
300,"power","normal","strong",20,1000,"expected","score","peba4",20,20,0,0.25,0.111861701407666,0.468700877618744,0.0350378134142402,0.2
300,"power","normal","strong",20,1000,"observed","score","peba4",20,20,0,0.25,0.111861701407666,0.468700877618744,0.035205036830879,0.2
300,"power","normal","strong",20,1000,"expected","lr","sb",20,20,0,0.45,0.258197858255624,0.657914657549658,0.00384172385797229,0.1
300,"power","normal","strong",20,1000,"observed","lr","sb",20,20,0,0.2,0.0806576625797981,0.416017432251894,0.00908729351697259,0.1
300,"power","normal","strong",20,1000,"expected","lr","peba4",20,20,0,0.45,0.258197858255624,0.657914657549658,0.00399388090361827,0.1
300,"power","normal","strong",20,1000,"observed","lr","peba4",20,20,0,0.2,0.0806576625797981,0.416017432251894,0.00984694375173363,0.1
100,"null","skewed","strong",21,2000,"expected","score","sb",20,20,0,0.05,0.00888144880079537,0.236131193446742,,
100,"null","skewed","strong",21,2000,"observed","score","sb",20,20,0,0.05,0.00888144880079537,0.236131193446742,,
100,"null","skewed","strong",21,2000,"expected","score","peba4",20,20,0,0.05,0.00888144880079537,0.236131193446742,,
100,"null","skewed","strong",21,2000,"observed","score","peba4",20,20,0,0,1.38777878078145e-17,0.161125158052819,,
100,"null","skewed","strong",21,2000,"expected","lr","sb",20,20,0,0.25,0.111861701407666,0.468700877618744,,
100,"null","skewed","strong",21,2000,"observed","lr","sb",20,20,0,0.05,0.00888144880079537,0.236131193446742,,
100,"null","skewed","strong",21,2000,"expected","lr","peba4",20,20,0,0.25,0.111861701407666,0.468700877618744,,
100,"null","skewed","strong",21,2000,"observed","lr","peba4",20,20,0,0.05,0.00888144880079537,0.236131193446742,,
300,"null","skewed","strong",22,2000,"expected","score","sb",20,20,0,0,1.38777878078145e-17,0.161125158052819,,
300,"null","skewed","strong",22,2000,"observed","score","sb",20,20,0,0,1.38777878078145e-17,0.161125158052819,,
300,"null","skewed","strong",22,2000,"expected","score","peba4",20,20,0,0,1.38777878078145e-17,0.161125158052819,,
300,"null","skewed","strong",22,2000,"observed","score","peba4",20,20,0,0,1.38777878078145e-17,0.161125158052819,,
300,"null","skewed","strong",22,2000,"expected","lr","sb",20,20,0,0.15,0.0523687458962166,0.360418864740757,,
300,"null","skewed","strong",22,2000,"observed","lr","sb",20,20,0,0.05,0.00888144880079537,0.236131193446742,,
300,"null","skewed","strong",22,2000,"expected","lr","peba4",20,20,0,0.15,0.0523687458962166,0.360418864740757,,
300,"null","skewed","strong",22,2000,"observed","lr","peba4",20,20,0,0.05,0.00888144880079537,0.236131193446742,,
100,"power","skewed","strong",23,1000,"expected","score","sb",20,20,0,0.1,0.0278664812137682,0.301033645228487,0.0354860802967784,0.1
100,"power","skewed","strong",23,1000,"observed","score","sb",20,20,0,0.1,0.0278664812137682,0.301033645228487,0.0483154930817765,0.1
100,"power","skewed","strong",23,1000,"expected","score","peba4",20,20,0,0.1,0.0278664812137682,0.301033645228487,0.0387032144307422,0.1
100,"power","skewed","strong",23,1000,"observed","score","peba4",20,20,0,0.1,0.0278664812137682,0.301033645228487,0.0525863944045393,0.1
100,"power","skewed","strong",23,1000,"expected","lr","sb",20,20,0,0.25,0.111861701407666,0.468700877618744,0.0112865916436199,0.15
100,"power","skewed","strong",23,1000,"observed","lr","sb",20,20,0,0.2,0.0806576625797981,0.416017432251894,0.013038173716861,0.1
100,"power","skewed","strong",23,1000,"expected","lr","peba4",20,20,0,0.2,0.0806576625797981,0.416017432251894,0.0136690933962001,0.15
100,"power","skewed","strong",23,1000,"observed","lr","peba4",20,20,0,0.2,0.0806576625797981,0.416017432251894,0.0158962883573551,0.1
300,"power","skewed","strong",24,1000,"expected","score","sb",20,20,0,0.05,0.00888144880079537,0.236131193446742,0.0682960653165839,0.15
300,"power","skewed","strong",24,1000,"observed","score","sb",20,20,0,0.15,0.0523687458962166,0.360418864740757,0.077962807724781,0.15
300,"power","skewed","strong",24,1000,"expected","score","peba4",20,20,0,0.05,0.00888144880079537,0.236131193446742,0.0696059326682632,0.15
300,"power","skewed","strong",24,1000,"observed","score","peba4",20,20,0,0.15,0.0523687458962166,0.360418864740757,0.0817330815560136,0.15
300,"power","skewed","strong",24,1000,"expected","lr","sb",20,20,0,0.2,0.0806576625797981,0.416017432251894,0.0186907277865362,0.05
300,"power","skewed","strong",24,1000,"observed","lr","sb",20,20,0,0.1,0.0278664812137682,0.301033645228487,0.0263777127055849,0.05
300,"power","skewed","strong",24,1000,"expected","lr","peba4",20,20,0,0.2,0.0806576625797981,0.416017432251894,0.0201150346449534,0.05
300,"power","skewed","strong",24,1000,"observed","lr","peba4",20,20,0,0.05,0.00888144880079537,0.236131193446742,0.0279971477830086,0.05
