"model","categories","shape","n","cell_id"
"ptsd8",5,"symmetric",500,57
"mtmm9",5,"symmetric",500,58
"coping12",5,"symmetric",500,59
"bifactor15",5,"symmetric",500,60
"long18",5,"symmetric",500,61
"long30",5,"symmetric",500,62
"worland11",5,"symmetric",500,63
"mdd9",5,"symmetric",500,64
"ptsd8",7,"symmetric",500,65
"long30",7,"symmetric",500,70
"mdd9",7,"symmetric",500,72
"ptsd8",2,"symmetric",250,1
"mtmm9",2,"symmetric",250,2
"coping12",2,"symmetric",250,3
"bifactor15",2,"symmetric",250,4
"long18",2,"symmetric",250,5
"long30",2,"symmetric",250,6
"worland11",2,"symmetric",250,7
"mdd9",2,"symmetric",250,8
"ptsd8",5,"symmetric",250,9
"mtmm9",5,"symmetric",250,10
"coping12",5,"symmetric",250,11
"bifactor15",5,"symmetric",250,12
"long18",5,"symmetric",250,13
"long30",5,"symmetric",250,14
"worland11",5,"symmetric",250,15
"mdd9",5,"symmetric",250,16
"ptsd8",7,"symmetric",250,17
"mtmm9",7,"symmetric",250,18
"coping12",7,"symmetric",250,19
"bifactor15",7,"symmetric",250,20
"long18",7,"symmetric",250,21
"long30",7,"symmetric",250,22
"worland11",7,"symmetric",250,23
"mdd9",7,"symmetric",250,24
"ptsd8",2,"skewed",250,25
"mtmm9",2,"skewed",250,26
"coping12",2,"skewed",250,27
"bifactor15",2,"skewed",250,28
"long18",2,"skewed",250,29
"long30",2,"skewed",250,30
"worland11",2,"skewed",250,31
"mdd9",2,"skewed",250,32
"ptsd8",5,"skewed",250,33
"mtmm9",5,"skewed",250,34
"coping12",5,"skewed",250,35
"bifactor15",5,"skewed",250,36
"long18",5,"skewed",250,37
"long30",5,"skewed",250,38
"worland11",5,"skewed",250,39
"mdd9",5,"skewed",250,40
"ptsd8",7,"skewed",250,41
"mtmm9",7,"skewed",250,42
"coping12",7,"skewed",250,43
"bifactor15",7,"skewed",250,44
"long18",7,"skewed",250,45
"long30",7,"skewed",250,46
"worland11",7,"skewed",250,47
"mdd9",7,"skewed",250,48
"ptsd8",2,"symmetric",500,49
"mtmm9",2,"symmetric",500,50
"coping12",2,"symmetric",500,51
"bifactor15",2,"symmetric",500,52
"long18",2,"symmetric",500,53
"long30",2,"symmetric",500,54
"worland11",2,"symmetric",500,55
"mdd9",2,"symmetric",500,56
"mtmm9",7,"symmetric",500,66
"coping12",7,"symmetric",500,67
"bifactor15",7,"symmetric",500,68
"long18",7,"symmetric",500,69
"worland11",7,"symmetric",500,71
"ptsd8",2,"skewed",500,73
"mtmm9",2,"skewed",500,74
"coping12",2,"skewed",500,75
"bifactor15",2,"skewed",500,76
"long18",2,"skewed",500,77
"long30",2,"skewed",500,78
"worland11",2,"skewed",500,79
"mdd9",2,"skewed",500,80
"ptsd8",5,"skewed",500,81
"mtmm9",5,"skewed",500,82
"coping12",5,"skewed",500,83
"bifactor15",5,"skewed",500,84
"long18",5,"skewed",500,85
"long30",5,"skewed",500,86
"worland11",5,"skewed",500,87
"mdd9",5,"skewed",500,88
"ptsd8",7,"skewed",500,89
"mtmm9",7,"skewed",500,90
"coping12",7,"skewed",500,91
"bifactor15",7,"skewed",500,92
"long18",7,"skewed",500,93
"long30",7,"skewed",500,94
"worland11",7,"skewed",500,95
"mdd9",7,"skewed",500,96
"ptsd8",2,"symmetric",1000,97
"mtmm9",2,"symmetric",1000,98
"coping12",2,"symmetric",1000,99
"bifactor15",2,"symmetric",1000,100
"long18",2,"symmetric",1000,101
"long30",2,"symmetric",1000,102
"worland11",2,"symmetric",1000,103
"mdd9",2,"symmetric",1000,104
"ptsd8",5,"symmetric",1000,105
"mtmm9",5,"symmetric",1000,106
"coping12",5,"symmetric",1000,107
"bifactor15",5,"symmetric",1000,108
"long18",5,"symmetric",1000,109
"long30",5,"symmetric",1000,110
"worland11",5,"symmetric",1000,111
"mdd9",5,"symmetric",1000,112
"ptsd8",7,"symmetric",1000,113
"mtmm9",7,"symmetric",1000,114
"coping12",7,"symmetric",1000,115
"bifactor15",7,"symmetric",1000,116
"long18",7,"symmetric",1000,117
"long30",7,"symmetric",1000,118
"worland11",7,"symmetric",1000,119
"mdd9",7,"symmetric",1000,120
"ptsd8",2,"skewed",1000,121
"mtmm9",2,"skewed",1000,122
"coping12",2,"skewed",1000,123
"bifactor15",2,"skewed",1000,124
"long18",2,"skewed",1000,125
"long30",2,"skewed",1000,126
"worland11",2,"skewed",1000,127
"mdd9",2,"skewed",1000,128
"ptsd8",5,"skewed",1000,129
"mtmm9",5,"skewed",1000,130
"coping12",5,"skewed",1000,131
"bifactor15",5,"skewed",1000,132
"long18",5,"skewed",1000,133
"long30",5,"skewed",1000,134
"worland11",5,"skewed",1000,135
"mdd9",5,"skewed",1000,136
"ptsd8",7,"skewed",1000,137
"mtmm9",7,"skewed",1000,138
"coping12",7,"skewed",1000,139
"bifactor15",7,"skewed",1000,140
"long18",7,"skewed",1000,141
"long30",7,"skewed",1000,142
"worland11",7,"skewed",1000,143
"mdd9",7,"skewed",1000,144
"ptsd8",2,"symmetric",2000,145
"mtmm9",2,"symmetric",2000,146
"coping12",2,"symmetric",2000,147
"bifactor15",2,"symmetric",2000,148
"long18",2,"symmetric",2000,149
"long30",2,"symmetric",2000,150
"worland11",2,"symmetric",2000,151
"mdd9",2,"symmetric",2000,152
"ptsd8",5,"symmetric",2000,153
"mtmm9",5,"symmetric",2000,154
"coping12",5,"symmetric",2000,155
"bifactor15",5,"symmetric",2000,156
"long18",5,"symmetric",2000,157
"long30",5,"symmetric",2000,158
"worland11",5,"symmetric",2000,159
"mdd9",5,"symmetric",2000,160
"ptsd8",7,"symmetric",2000,161
"mtmm9",7,"symmetric",2000,162
"coping12",7,"symmetric",2000,163
"bifactor15",7,"symmetric",2000,164
"long18",7,"symmetric",2000,165
"long30",7,"symmetric",2000,166
"worland11",7,"symmetric",2000,167
"mdd9",7,"symmetric",2000,168
"ptsd8",2,"skewed",2000,169
"mtmm9",2,"skewed",2000,170
"coping12",2,"skewed",2000,171
"bifactor15",2,"skewed",2000,172
"long18",2,"skewed",2000,173
"long30",2,"skewed",2000,174
"worland11",2,"skewed",2000,175
"mdd9",2,"skewed",2000,176
"ptsd8",5,"skewed",2000,177
"mtmm9",5,"skewed",2000,178
"coping12",5,"skewed",2000,179
"bifactor15",5,"skewed",2000,180
"long18",5,"skewed",2000,181
"long30",5,"skewed",2000,182
"worland11",5,"skewed",2000,183
"mdd9",5,"skewed",2000,184
"ptsd8",7,"skewed",2000,185
"mtmm9",7,"skewed",2000,186
"coping12",7,"skewed",2000,187
"bifactor15",7,"skewed",2000,188
"long18",7,"skewed",2000,189
"long30",7,"skewed",2000,190
"worland11",7,"skewed",2000,191
"mdd9",7,"skewed",2000,192
