"role","design","route","coordinates","optimizer","start_id","fits","returned","reference_available","matches","common_passes","native_passes"
"fresh","ernst","covariance_full","mixed","nlopt-lbfgs","fabin3",10,0,10,0,0,0
"retained","ernst","covariance_full","mixed","nlopt-lbfgs","fabin3",5,0,5,0,0,0
"fresh","weak_marker","covariance_full","mixed","nlopt-lbfgs","fabin3",10,0,10,0,0,0
"fresh","ernst","covariance_profiled","mixed","nlopt-lbfgs","fabin3",10,10,10,5,0,0
"retained","ernst","covariance_profiled","mixed","nlopt-lbfgs","fabin3",5,5,5,1,0,0
"fresh","weak_marker","covariance_profiled","mixed","nlopt-lbfgs","fabin3",10,10,10,0,0,0
"fresh","ernst","regression_marker","mixed","nlopt-lbfgs","fabin3",10,0,10,0,0,0
"retained","ernst","regression_marker","mixed","nlopt-lbfgs","fabin3",5,0,5,0,0,0
"fresh","weak_marker","regression_marker","mixed","nlopt-lbfgs","fabin3",10,0,10,0,0,0
"fresh","ernst","regression_sphere","mixed","nlopt-lbfgs","fabin3",10,0,10,0,0,0
"retained","ernst","regression_sphere","mixed","nlopt-lbfgs","fabin3",5,0,5,0,0,0
"fresh","weak_marker","regression_sphere","mixed","nlopt-lbfgs","fabin3",10,0,10,0,0,0
"fresh","ernst","covariance_full","standardized","nlopt-lbfgs","fabin3",10,0,10,0,0,0
"retained","ernst","covariance_full","standardized","nlopt-lbfgs","fabin3",5,0,5,0,0,0
"fresh","weak_marker","covariance_full","standardized","nlopt-lbfgs","fabin3",10,0,10,0,0,0
"fresh","ernst","covariance_profiled","standardized","nlopt-lbfgs","fabin3",10,10,10,8,0,0
"retained","ernst","covariance_profiled","standardized","nlopt-lbfgs","fabin3",5,5,5,3,0,0
"fresh","weak_marker","covariance_profiled","standardized","nlopt-lbfgs","fabin3",10,10,10,0,0,0
"fresh","ernst","regression_marker","standardized","nlopt-lbfgs","fabin3",10,0,10,0,0,0
"retained","ernst","regression_marker","standardized","nlopt-lbfgs","fabin3",5,0,5,0,0,0
"fresh","weak_marker","regression_marker","standardized","nlopt-lbfgs","fabin3",10,0,10,0,0,0
"fresh","ernst","regression_sphere","standardized","nlopt-lbfgs","fabin3",10,0,10,0,0,0
"retained","ernst","regression_sphere","standardized","nlopt-lbfgs","fabin3",5,0,5,0,0,0
"fresh","weak_marker","regression_sphere","standardized","nlopt-lbfgs","fabin3",10,0,10,0,0,0
"fresh","ernst","covariance_full","mixed","port-nls","fabin3",10,10,10,7,0,0
"retained","ernst","covariance_full","mixed","port-nls","fabin3",5,5,5,3,0,0
"fresh","weak_marker","covariance_full","mixed","port-nls","fabin3",10,10,10,0,0,0
"fresh","ernst","covariance_profiled","mixed","port-nls","fabin3",10,10,10,9,0,0
"retained","ernst","covariance_profiled","mixed","port-nls","fabin3",5,5,5,3,0,0
"fresh","weak_marker","covariance_profiled","mixed","port-nls","fabin3",10,10,10,2,0,0
"fresh","ernst","regression_marker","mixed","port-nls","fabin3",10,10,10,7,0,0
"retained","ernst","regression_marker","mixed","port-nls","fabin3",5,5,5,3,0,0
"fresh","weak_marker","regression_marker","mixed","port-nls","fabin3",10,10,10,0,0,0
"fresh","ernst","regression_sphere","mixed","port-nls","fabin3",10,10,10,9,0,0
"retained","ernst","regression_sphere","mixed","port-nls","fabin3",5,5,5,2,0,0
"fresh","weak_marker","regression_sphere","mixed","port-nls","fabin3",10,10,10,7,0,0
"fresh","ernst","covariance_full","standardized","port-nls","fabin3",10,10,10,7,0,0
"retained","ernst","covariance_full","standardized","port-nls","fabin3",5,5,5,3,0,0
"fresh","weak_marker","covariance_full","standardized","port-nls","fabin3",10,10,10,0,0,0
"fresh","ernst","covariance_profiled","standardized","port-nls","fabin3",10,10,10,9,0,0
"retained","ernst","covariance_profiled","standardized","port-nls","fabin3",5,5,5,3,0,0
"fresh","weak_marker","covariance_profiled","standardized","port-nls","fabin3",10,10,10,2,0,0
"fresh","ernst","regression_marker","standardized","port-nls","fabin3",10,10,10,7,0,0
"retained","ernst","regression_marker","standardized","port-nls","fabin3",5,5,5,3,0,0
"fresh","weak_marker","regression_marker","standardized","port-nls","fabin3",10,10,10,0,0,0
"fresh","ernst","regression_sphere","standardized","port-nls","fabin3",10,10,10,9,0,0
"retained","ernst","regression_sphere","standardized","port-nls","fabin3",5,5,5,2,0,0
"fresh","weak_marker","regression_sphere","standardized","port-nls","fabin3",10,10,10,6,0,0
"fresh","ernst","covariance_full","mixed","nlopt-lbfgs","layered",10,0,10,0,0,0
"retained","ernst","covariance_full","mixed","nlopt-lbfgs","layered",5,0,5,0,0,0
"fresh","weak_marker","covariance_full","mixed","nlopt-lbfgs","layered",10,0,10,0,0,0
"fresh","ernst","covariance_profiled","mixed","nlopt-lbfgs","layered",10,10,10,4,0,0
"retained","ernst","covariance_profiled","mixed","nlopt-lbfgs","layered",5,5,5,2,0,0
"fresh","weak_marker","covariance_profiled","mixed","nlopt-lbfgs","layered",10,10,10,0,0,0
"fresh","ernst","regression_marker","mixed","nlopt-lbfgs","layered",10,0,10,0,0,0
"retained","ernst","regression_marker","mixed","nlopt-lbfgs","layered",5,0,5,0,0,0
"fresh","weak_marker","regression_marker","mixed","nlopt-lbfgs","layered",10,0,10,0,0,0
"fresh","ernst","regression_sphere","mixed","nlopt-lbfgs","layered",10,0,10,0,0,0
"retained","ernst","regression_sphere","mixed","nlopt-lbfgs","layered",5,0,5,0,0,0
"fresh","weak_marker","regression_sphere","mixed","nlopt-lbfgs","layered",10,0,10,0,0,0
"fresh","ernst","covariance_full","standardized","nlopt-lbfgs","layered",10,0,10,0,0,0
"retained","ernst","covariance_full","standardized","nlopt-lbfgs","layered",5,0,5,0,0,0
"fresh","weak_marker","covariance_full","standardized","nlopt-lbfgs","layered",10,0,10,0,0,0
"fresh","ernst","covariance_profiled","standardized","nlopt-lbfgs","layered",10,10,10,8,0,0
"retained","ernst","covariance_profiled","standardized","nlopt-lbfgs","layered",5,5,5,3,0,0
"fresh","weak_marker","covariance_profiled","standardized","nlopt-lbfgs","layered",10,10,10,2,0,0
"fresh","ernst","regression_marker","standardized","nlopt-lbfgs","layered",10,0,10,0,0,0
"retained","ernst","regression_marker","standardized","nlopt-lbfgs","layered",5,0,5,0,0,0
"fresh","weak_marker","regression_marker","standardized","nlopt-lbfgs","layered",10,0,10,0,0,0
"fresh","ernst","regression_sphere","standardized","nlopt-lbfgs","layered",10,0,10,0,0,0
"retained","ernst","regression_sphere","standardized","nlopt-lbfgs","layered",5,0,5,0,0,0
"fresh","weak_marker","regression_sphere","standardized","nlopt-lbfgs","layered",10,0,10,0,0,0
"fresh","ernst","covariance_full","mixed","port-nls","layered",10,10,10,7,0,0
"retained","ernst","covariance_full","mixed","port-nls","layered",5,5,5,3,0,0
"fresh","weak_marker","covariance_full","mixed","port-nls","layered",10,10,10,1,0,0
"fresh","ernst","covariance_profiled","mixed","port-nls","layered",10,10,10,9,0,0
"retained","ernst","covariance_profiled","mixed","port-nls","layered",5,5,5,3,0,0
"fresh","weak_marker","covariance_profiled","mixed","port-nls","layered",10,10,10,2,0,0
"fresh","ernst","regression_marker","mixed","port-nls","layered",10,10,10,7,0,0
"retained","ernst","regression_marker","mixed","port-nls","layered",5,5,5,3,0,0
"fresh","weak_marker","regression_marker","mixed","port-nls","layered",10,10,10,1,0,0
"fresh","ernst","regression_sphere","mixed","port-nls","layered",10,10,10,9,0,0
"retained","ernst","regression_sphere","mixed","port-nls","layered",5,5,5,3,0,0
"fresh","weak_marker","regression_sphere","mixed","port-nls","layered",10,10,10,7,0,0
"fresh","ernst","covariance_full","standardized","port-nls","layered",10,10,10,7,0,0
"retained","ernst","covariance_full","standardized","port-nls","layered",5,5,5,3,0,0
"fresh","weak_marker","covariance_full","standardized","port-nls","layered",10,10,10,0,0,0
"fresh","ernst","covariance_profiled","standardized","port-nls","layered",10,10,10,9,0,0
"retained","ernst","covariance_profiled","standardized","port-nls","layered",5,5,5,3,0,0
"fresh","weak_marker","covariance_profiled","standardized","port-nls","layered",10,10,10,2,0,0
"fresh","ernst","regression_marker","standardized","port-nls","layered",10,10,10,7,0,0
"retained","ernst","regression_marker","standardized","port-nls","layered",5,5,5,3,0,0
"fresh","weak_marker","regression_marker","standardized","port-nls","layered",10,10,10,0,0,0
"fresh","ernst","regression_sphere","standardized","port-nls","layered",10,10,10,9,0,0
"retained","ernst","regression_sphere","standardized","port-nls","layered",5,5,5,3,0,0
"fresh","weak_marker","regression_sphere","standardized","port-nls","layered",10,10,10,7,0,0
"fresh","ernst","covariance_full","mixed","nlopt-lbfgs","signed_-1_-1",10,1,10,0,0,0
"retained","ernst","covariance_full","mixed","nlopt-lbfgs","signed_-1_-1",5,2,5,0,0,0
"fresh","weak_marker","covariance_full","mixed","nlopt-lbfgs","signed_-1_-1",10,4,10,0,0,0
"fresh","ernst","covariance_profiled","mixed","nlopt-lbfgs","signed_-1_-1",10,10,10,0,0,0
"retained","ernst","covariance_profiled","mixed","nlopt-lbfgs","signed_-1_-1",5,5,5,0,0,0
"fresh","weak_marker","covariance_profiled","mixed","nlopt-lbfgs","signed_-1_-1",10,10,10,0,0,0
"fresh","ernst","regression_marker","mixed","nlopt-lbfgs","signed_-1_-1",10,0,10,0,0,0
"retained","ernst","regression_marker","mixed","nlopt-lbfgs","signed_-1_-1",5,1,5,0,0,0
"fresh","weak_marker","regression_marker","mixed","nlopt-lbfgs","signed_-1_-1",10,3,10,0,0,0
"fresh","ernst","regression_sphere","mixed","nlopt-lbfgs","signed_-1_-1",10,1,10,0,0,0
"retained","ernst","regression_sphere","mixed","nlopt-lbfgs","signed_-1_-1",5,1,5,0,0,0
"fresh","weak_marker","regression_sphere","mixed","nlopt-lbfgs","signed_-1_-1",10,4,10,0,0,0
"fresh","ernst","covariance_full","standardized","nlopt-lbfgs","signed_-1_-1",10,1,10,0,0,0
"retained","ernst","covariance_full","standardized","nlopt-lbfgs","signed_-1_-1",5,1,5,0,0,0
"fresh","weak_marker","covariance_full","standardized","nlopt-lbfgs","signed_-1_-1",10,5,10,0,0,0
"fresh","ernst","covariance_profiled","standardized","nlopt-lbfgs","signed_-1_-1",10,10,10,0,0,0
"retained","ernst","covariance_profiled","standardized","nlopt-lbfgs","signed_-1_-1",5,5,5,0,0,0
"fresh","weak_marker","covariance_profiled","standardized","nlopt-lbfgs","signed_-1_-1",10,10,10,1,0,0
"fresh","ernst","regression_marker","standardized","nlopt-lbfgs","signed_-1_-1",10,1,10,0,0,0
"retained","ernst","regression_marker","standardized","nlopt-lbfgs","signed_-1_-1",5,1,5,0,0,0
"fresh","weak_marker","regression_marker","standardized","nlopt-lbfgs","signed_-1_-1",10,4,10,0,0,0
"fresh","ernst","regression_sphere","standardized","nlopt-lbfgs","signed_-1_-1",10,1,10,0,0,0
"retained","ernst","regression_sphere","standardized","nlopt-lbfgs","signed_-1_-1",5,2,5,0,0,0
"fresh","weak_marker","regression_sphere","standardized","nlopt-lbfgs","signed_-1_-1",10,4,10,0,0,0
"fresh","ernst","covariance_full","mixed","port-nls","signed_-1_-1",10,10,10,0,0,0
"retained","ernst","covariance_full","mixed","port-nls","signed_-1_-1",5,5,5,0,0,0
"fresh","weak_marker","covariance_full","mixed","port-nls","signed_-1_-1",10,10,10,0,0,0
"fresh","ernst","covariance_profiled","mixed","port-nls","signed_-1_-1",10,10,10,0,0,0
"retained","ernst","covariance_profiled","mixed","port-nls","signed_-1_-1",5,5,5,0,0,0
"fresh","weak_marker","covariance_profiled","mixed","port-nls","signed_-1_-1",10,10,10,1,0,0
"fresh","ernst","regression_marker","mixed","port-nls","signed_-1_-1",10,10,10,0,0,0
"retained","ernst","regression_marker","mixed","port-nls","signed_-1_-1",5,5,5,0,0,0
"fresh","weak_marker","regression_marker","mixed","port-nls","signed_-1_-1",10,10,10,1,0,0
"fresh","ernst","regression_sphere","mixed","port-nls","signed_-1_-1",10,10,10,1,0,0
"retained","ernst","regression_sphere","mixed","port-nls","signed_-1_-1",5,5,5,1,0,0
"fresh","weak_marker","regression_sphere","mixed","port-nls","signed_-1_-1",10,10,10,6,0,0
"fresh","ernst","covariance_full","standardized","port-nls","signed_-1_-1",10,10,10,0,0,0
"retained","ernst","covariance_full","standardized","port-nls","signed_-1_-1",5,5,5,0,0,0
"fresh","weak_marker","covariance_full","standardized","port-nls","signed_-1_-1",10,10,10,0,0,0
"fresh","ernst","covariance_profiled","standardized","port-nls","signed_-1_-1",10,10,10,0,0,0
"retained","ernst","covariance_profiled","standardized","port-nls","signed_-1_-1",5,5,5,0,0,0
"fresh","weak_marker","covariance_profiled","standardized","port-nls","signed_-1_-1",10,10,10,1,0,0
"fresh","ernst","regression_marker","standardized","port-nls","signed_-1_-1",10,10,10,0,0,0
"retained","ernst","regression_marker","standardized","port-nls","signed_-1_-1",5,5,5,0,0,0
"fresh","weak_marker","regression_marker","standardized","port-nls","signed_-1_-1",10,10,10,1,0,0
"fresh","ernst","regression_sphere","standardized","port-nls","signed_-1_-1",10,10,10,1,0,0
"retained","ernst","regression_sphere","standardized","port-nls","signed_-1_-1",5,5,5,1,0,0
"fresh","weak_marker","regression_sphere","standardized","port-nls","signed_-1_-1",10,10,10,6,0,0
"fresh","ernst","covariance_full","mixed","nlopt-lbfgs","signed_-1_1",10,1,10,0,0,0
"retained","ernst","covariance_full","mixed","nlopt-lbfgs","signed_-1_1",5,0,5,0,0,0
"fresh","weak_marker","covariance_full","mixed","nlopt-lbfgs","signed_-1_1",10,3,10,0,0,0
"fresh","ernst","covariance_profiled","mixed","nlopt-lbfgs","signed_-1_1",10,10,10,1,0,0
"retained","ernst","covariance_profiled","mixed","nlopt-lbfgs","signed_-1_1",5,5,5,1,0,0
"fresh","weak_marker","covariance_profiled","mixed","nlopt-lbfgs","signed_-1_1",10,10,10,0,0,0
"fresh","ernst","regression_marker","mixed","nlopt-lbfgs","signed_-1_1",10,1,10,0,0,0
"retained","ernst","regression_marker","mixed","nlopt-lbfgs","signed_-1_1",5,0,5,0,0,0
"fresh","weak_marker","regression_marker","mixed","nlopt-lbfgs","signed_-1_1",10,3,10,0,0,0
"fresh","ernst","regression_sphere","mixed","nlopt-lbfgs","signed_-1_1",10,0,10,0,0,0
"retained","ernst","regression_sphere","mixed","nlopt-lbfgs","signed_-1_1",5,0,5,0,0,0
"fresh","weak_marker","regression_sphere","mixed","nlopt-lbfgs","signed_-1_1",10,2,10,0,0,0
"fresh","ernst","covariance_full","standardized","nlopt-lbfgs","signed_-1_1",10,1,10,0,0,0
"retained","ernst","covariance_full","standardized","nlopt-lbfgs","signed_-1_1",5,0,5,0,0,0
"fresh","weak_marker","covariance_full","standardized","nlopt-lbfgs","signed_-1_1",10,5,10,0,0,0
"fresh","ernst","covariance_profiled","standardized","nlopt-lbfgs","signed_-1_1",10,10,10,1,0,0
"retained","ernst","covariance_profiled","standardized","nlopt-lbfgs","signed_-1_1",5,5,5,1,0,0
"fresh","weak_marker","covariance_profiled","standardized","nlopt-lbfgs","signed_-1_1",10,10,10,1,0,0
"fresh","ernst","regression_marker","standardized","nlopt-lbfgs","signed_-1_1",10,0,10,0,0,0
"retained","ernst","regression_marker","standardized","nlopt-lbfgs","signed_-1_1",5,0,5,0,0,0
"fresh","weak_marker","regression_marker","standardized","nlopt-lbfgs","signed_-1_1",10,3,10,0,0,0
"fresh","ernst","regression_sphere","standardized","nlopt-lbfgs","signed_-1_1",10,0,10,0,0,0
"retained","ernst","regression_sphere","standardized","nlopt-lbfgs","signed_-1_1",5,0,5,0,0,0
"fresh","weak_marker","regression_sphere","standardized","nlopt-lbfgs","signed_-1_1",10,4,10,0,0,0
"fresh","ernst","covariance_full","mixed","port-nls","signed_-1_1",10,10,10,1,0,0
"retained","ernst","covariance_full","mixed","port-nls","signed_-1_1",5,5,5,1,0,0
"fresh","weak_marker","covariance_full","mixed","port-nls","signed_-1_1",10,10,10,0,0,0
"fresh","ernst","covariance_profiled","mixed","port-nls","signed_-1_1",10,10,10,1,0,0
"retained","ernst","covariance_profiled","mixed","port-nls","signed_-1_1",5,5,5,2,0,0
"fresh","weak_marker","covariance_profiled","mixed","port-nls","signed_-1_1",10,10,10,4,0,0
"fresh","ernst","regression_marker","mixed","port-nls","signed_-1_1",10,10,10,1,0,0
"retained","ernst","regression_marker","mixed","port-nls","signed_-1_1",5,5,5,1,0,0
"fresh","weak_marker","regression_marker","mixed","port-nls","signed_-1_1",10,10,10,0,0,0
"fresh","ernst","regression_sphere","mixed","port-nls","signed_-1_1",10,10,10,1,0,0
"retained","ernst","regression_sphere","mixed","port-nls","signed_-1_1",5,5,5,1,0,0
"fresh","weak_marker","regression_sphere","mixed","port-nls","signed_-1_1",10,10,10,6,0,0
"fresh","ernst","covariance_full","standardized","port-nls","signed_-1_1",10,10,10,1,0,0
"retained","ernst","covariance_full","standardized","port-nls","signed_-1_1",5,5,5,1,0,0
"fresh","weak_marker","covariance_full","standardized","port-nls","signed_-1_1",10,10,10,0,0,0
"fresh","ernst","covariance_profiled","standardized","port-nls","signed_-1_1",10,10,10,1,0,0
"retained","ernst","covariance_profiled","standardized","port-nls","signed_-1_1",5,5,5,2,0,0
"fresh","weak_marker","covariance_profiled","standardized","port-nls","signed_-1_1",10,10,10,3,0,0
"fresh","ernst","regression_marker","standardized","port-nls","signed_-1_1",10,10,10,1,0,0
"retained","ernst","regression_marker","standardized","port-nls","signed_-1_1",5,5,5,1,0,0
"fresh","weak_marker","regression_marker","standardized","port-nls","signed_-1_1",10,10,10,0,0,0
"fresh","ernst","regression_sphere","standardized","port-nls","signed_-1_1",10,10,10,1,0,0
"retained","ernst","regression_sphere","standardized","port-nls","signed_-1_1",5,5,5,1,0,0
"fresh","weak_marker","regression_sphere","standardized","port-nls","signed_-1_1",10,10,10,6,0,0
"fresh","ernst","covariance_full","mixed","nlopt-lbfgs","signed_1_-1",10,3,10,0,0,0
"retained","ernst","covariance_full","mixed","nlopt-lbfgs","signed_1_-1",5,3,5,0,0,0
"fresh","weak_marker","covariance_full","mixed","nlopt-lbfgs","signed_1_-1",10,3,10,0,0,0
"fresh","ernst","covariance_profiled","mixed","nlopt-lbfgs","signed_1_-1",10,10,10,0,0,0
"retained","ernst","covariance_profiled","mixed","nlopt-lbfgs","signed_1_-1",5,5,5,0,0,0
"fresh","weak_marker","covariance_profiled","mixed","nlopt-lbfgs","signed_1_-1",10,10,10,0,0,0
"fresh","ernst","regression_marker","mixed","nlopt-lbfgs","signed_1_-1",10,4,10,0,0,0
"retained","ernst","regression_marker","mixed","nlopt-lbfgs","signed_1_-1",5,1,5,0,0,0
"fresh","weak_marker","regression_marker","mixed","nlopt-lbfgs","signed_1_-1",10,4,10,0,0,0
"fresh","ernst","regression_sphere","mixed","nlopt-lbfgs","signed_1_-1",10,2,10,0,0,0
"retained","ernst","regression_sphere","mixed","nlopt-lbfgs","signed_1_-1",5,2,5,0,0,0
"fresh","weak_marker","regression_sphere","mixed","nlopt-lbfgs","signed_1_-1",10,3,10,0,0,0
"fresh","ernst","covariance_full","standardized","nlopt-lbfgs","signed_1_-1",10,2,10,0,0,0
"retained","ernst","covariance_full","standardized","nlopt-lbfgs","signed_1_-1",5,3,5,0,0,0
"fresh","weak_marker","covariance_full","standardized","nlopt-lbfgs","signed_1_-1",10,4,10,0,0,0
"fresh","ernst","covariance_profiled","standardized","nlopt-lbfgs","signed_1_-1",10,10,10,0,0,0
"retained","ernst","covariance_profiled","standardized","nlopt-lbfgs","signed_1_-1",5,5,5,1,0,0
"fresh","weak_marker","covariance_profiled","standardized","nlopt-lbfgs","signed_1_-1",10,10,10,1,0,0
"fresh","ernst","regression_marker","standardized","nlopt-lbfgs","signed_1_-1",10,2,10,0,0,0
"retained","ernst","regression_marker","standardized","nlopt-lbfgs","signed_1_-1",5,1,5,0,0,0
"fresh","weak_marker","regression_marker","standardized","nlopt-lbfgs","signed_1_-1",10,3,10,0,0,0
"fresh","ernst","regression_sphere","standardized","nlopt-lbfgs","signed_1_-1",10,1,10,0,0,0
"retained","ernst","regression_sphere","standardized","nlopt-lbfgs","signed_1_-1",5,0,5,0,0,0
"fresh","weak_marker","regression_sphere","standardized","nlopt-lbfgs","signed_1_-1",10,2,10,0,0,0
"fresh","ernst","covariance_full","mixed","port-nls","signed_1_-1",10,10,10,0,0,0
"retained","ernst","covariance_full","mixed","port-nls","signed_1_-1",5,5,5,0,0,0
"fresh","weak_marker","covariance_full","mixed","port-nls","signed_1_-1",10,10,10,0,0,0
"fresh","ernst","covariance_profiled","mixed","port-nls","signed_1_-1",10,10,10,0,0,0
"retained","ernst","covariance_profiled","mixed","port-nls","signed_1_-1",5,5,5,0,0,0
"fresh","weak_marker","covariance_profiled","mixed","port-nls","signed_1_-1",10,10,10,2,0,0
"fresh","ernst","regression_marker","mixed","port-nls","signed_1_-1",10,10,10,0,0,0
"retained","ernst","regression_marker","mixed","port-nls","signed_1_-1",5,5,5,1,0,0
"fresh","weak_marker","regression_marker","mixed","port-nls","signed_1_-1",10,10,10,0,0,0
"fresh","ernst","regression_sphere","mixed","port-nls","signed_1_-1",10,10,10,7,0,0
"retained","ernst","regression_sphere","mixed","port-nls","signed_1_-1",5,5,5,2,0,0
"fresh","weak_marker","regression_sphere","mixed","port-nls","signed_1_-1",10,10,10,4,0,0
"fresh","ernst","covariance_full","standardized","port-nls","signed_1_-1",10,10,10,0,0,0
"retained","ernst","covariance_full","standardized","port-nls","signed_1_-1",5,5,5,0,0,0
"fresh","weak_marker","covariance_full","standardized","port-nls","signed_1_-1",10,10,10,0,0,0
"fresh","ernst","covariance_profiled","standardized","port-nls","signed_1_-1",10,10,10,0,0,0
"retained","ernst","covariance_profiled","standardized","port-nls","signed_1_-1",5,5,5,0,0,0
"fresh","weak_marker","covariance_profiled","standardized","port-nls","signed_1_-1",10,10,10,2,0,0
"fresh","ernst","regression_marker","standardized","port-nls","signed_1_-1",10,10,10,0,0,0
"retained","ernst","regression_marker","standardized","port-nls","signed_1_-1",5,5,5,1,0,0
"fresh","weak_marker","regression_marker","standardized","port-nls","signed_1_-1",10,10,10,0,0,0
"fresh","ernst","regression_sphere","standardized","port-nls","signed_1_-1",10,10,10,7,0,0
"retained","ernst","regression_sphere","standardized","port-nls","signed_1_-1",5,5,5,2,0,0
"fresh","weak_marker","regression_sphere","standardized","port-nls","signed_1_-1",10,10,10,4,0,0
"fresh","ernst","covariance_full","mixed","nlopt-lbfgs","signed_1_1",10,4,10,0,0,0
"retained","ernst","covariance_full","mixed","nlopt-lbfgs","signed_1_1",5,2,5,0,0,0
"fresh","weak_marker","covariance_full","mixed","nlopt-lbfgs","signed_1_1",10,4,10,0,0,0
"fresh","ernst","covariance_profiled","mixed","nlopt-lbfgs","signed_1_1",10,10,10,4,0,0
"retained","ernst","covariance_profiled","mixed","nlopt-lbfgs","signed_1_1",5,5,5,1,0,0
"fresh","weak_marker","covariance_profiled","mixed","nlopt-lbfgs","signed_1_1",10,10,10,0,0,0
"fresh","ernst","regression_marker","mixed","nlopt-lbfgs","signed_1_1",10,3,10,0,0,0
"retained","ernst","regression_marker","mixed","nlopt-lbfgs","signed_1_1",5,1,5,0,0,0
"fresh","weak_marker","regression_marker","mixed","nlopt-lbfgs","signed_1_1",10,4,10,0,0,0
"fresh","ernst","regression_sphere","mixed","nlopt-lbfgs","signed_1_1",10,4,10,0,0,0
"retained","ernst","regression_sphere","mixed","nlopt-lbfgs","signed_1_1",5,2,5,0,0,0
"fresh","weak_marker","regression_sphere","mixed","nlopt-lbfgs","signed_1_1",10,3,10,0,0,0
"fresh","ernst","covariance_full","standardized","nlopt-lbfgs","signed_1_1",10,3,10,0,0,0
"retained","ernst","covariance_full","standardized","nlopt-lbfgs","signed_1_1",5,1,5,0,0,0
"fresh","weak_marker","covariance_full","standardized","nlopt-lbfgs","signed_1_1",10,3,10,0,0,0
"fresh","ernst","covariance_profiled","standardized","nlopt-lbfgs","signed_1_1",10,10,10,8,0,0
"retained","ernst","covariance_profiled","standardized","nlopt-lbfgs","signed_1_1",5,5,5,3,0,0
"fresh","weak_marker","covariance_profiled","standardized","nlopt-lbfgs","signed_1_1",10,10,10,0,0,0
"fresh","ernst","regression_marker","standardized","nlopt-lbfgs","signed_1_1",10,5,10,0,0,0
"retained","ernst","regression_marker","standardized","nlopt-lbfgs","signed_1_1",5,1,5,0,0,0
"fresh","weak_marker","regression_marker","standardized","nlopt-lbfgs","signed_1_1",10,2,10,0,0,0
"fresh","ernst","regression_sphere","standardized","nlopt-lbfgs","signed_1_1",10,4,10,0,0,0
"retained","ernst","regression_sphere","standardized","nlopt-lbfgs","signed_1_1",5,2,5,0,0,0
"fresh","weak_marker","regression_sphere","standardized","nlopt-lbfgs","signed_1_1",10,2,10,0,0,0
"fresh","ernst","covariance_full","mixed","port-nls","signed_1_1",10,10,10,7,0,0
"retained","ernst","covariance_full","mixed","port-nls","signed_1_1",5,5,5,3,0,0
"fresh","weak_marker","covariance_full","mixed","port-nls","signed_1_1",10,10,10,0,0,0
"fresh","ernst","covariance_profiled","mixed","port-nls","signed_1_1",10,10,10,9,0,0
"retained","ernst","covariance_profiled","mixed","port-nls","signed_1_1",5,5,5,3,0,0
"fresh","weak_marker","covariance_profiled","mixed","port-nls","signed_1_1",10,10,10,2,0,0
"fresh","ernst","regression_marker","mixed","port-nls","signed_1_1",10,10,10,7,0,0
"retained","ernst","regression_marker","mixed","port-nls","signed_1_1",5,5,5,3,0,0
"fresh","weak_marker","regression_marker","mixed","port-nls","signed_1_1",10,10,10,0,0,0
"fresh","ernst","regression_sphere","mixed","port-nls","signed_1_1",10,10,10,9,0,0
"retained","ernst","regression_sphere","mixed","port-nls","signed_1_1",5,5,5,3,0,0
"fresh","weak_marker","regression_sphere","mixed","port-nls","signed_1_1",10,10,10,4,0,0
"fresh","ernst","covariance_full","standardized","port-nls","signed_1_1",10,10,10,6,0,0
"retained","ernst","covariance_full","standardized","port-nls","signed_1_1",5,5,5,3,0,0
"fresh","weak_marker","covariance_full","standardized","port-nls","signed_1_1",10,10,10,0,0,0
"fresh","ernst","covariance_profiled","standardized","port-nls","signed_1_1",10,10,10,9,0,0
"retained","ernst","covariance_profiled","standardized","port-nls","signed_1_1",5,5,5,3,0,0
"fresh","weak_marker","covariance_profiled","standardized","port-nls","signed_1_1",10,10,10,2,0,0
"fresh","ernst","regression_marker","standardized","port-nls","signed_1_1",10,10,10,7,0,0
"retained","ernst","regression_marker","standardized","port-nls","signed_1_1",5,5,5,3,0,0
"fresh","weak_marker","regression_marker","standardized","port-nls","signed_1_1",10,10,10,1,0,0
"fresh","ernst","regression_sphere","standardized","port-nls","signed_1_1",10,10,10,9,0,0
"retained","ernst","regression_sphere","standardized","port-nls","signed_1_1",5,5,5,3,0,0
"fresh","weak_marker","regression_sphere","standardized","port-nls","signed_1_1",10,10,10,4,0,0
