"fit_id","case_id","family","parameterization","method","arm","returned","fit_passed","fmin","seconds","message"
1,1,"regular","delta","ULS","default",TRUE,TRUE,0.00234863272369039,0.07,""
2,1,"regular","delta","ULS","port_nls",TRUE,TRUE,0.00234863272369039,0.004,""
3,1,"regular","delta","DWLS","default",TRUE,TRUE,0.00191356839668936,0.005,""
4,1,"regular","delta","DWLS","port_nls",TRUE,TRUE,0.00191356839668936,0.004,""
5,1,"regular","delta","WLS","default",TRUE,TRUE,0.004185402979626,0.004,""
6,1,"regular","delta","WLS","port_nls",TRUE,TRUE,0.00418540297962598,0.005,""
7,1,"regular","theta","ULS","default",TRUE,TRUE,0.00234863272369044,0.00600000000000001,""
8,1,"regular","theta","ULS","port_nls",TRUE,TRUE,0.00234863272369039,0.005,""
9,1,"regular","theta","DWLS","default",TRUE,TRUE,0.00191356839668945,0.004,""
10,1,"regular","theta","DWLS","port_nls",TRUE,TRUE,0.00191356839668936,0.004,""
11,1,"regular","theta","WLS","default",TRUE,TRUE,0.00418540297962602,0.00600000000000001,""
12,1,"regular","theta","WLS","port_nls",TRUE,TRUE,0.00418540297962597,0.004,""
13,2,"regular","delta","ULS","default",TRUE,TRUE,0.00968272222432486,0.004,""
14,2,"regular","delta","ULS","port_nls",TRUE,TRUE,0.00968272222432481,0.003,""
15,2,"regular","delta","DWLS","default",TRUE,TRUE,0.00821232862966355,0.005,""
16,2,"regular","delta","DWLS","port_nls",TRUE,TRUE,0.0082123286296311,0.00600000000000001,""
17,2,"regular","delta","WLS","default",TRUE,TRUE,0.0124573356146012,0.004,""
18,2,"regular","delta","WLS","port_nls",TRUE,TRUE,0.0124573356145993,0.004,""
19,2,"regular","theta","ULS","default",TRUE,TRUE,0.00968272222432482,0.005,""
20,2,"regular","theta","ULS","port_nls",TRUE,TRUE,0.0096827222243248,0.005,""
21,2,"regular","theta","DWLS","default",TRUE,TRUE,0.00821232862963298,0.00800000000000001,""
22,2,"regular","theta","DWLS","port_nls",TRUE,TRUE,0.00821232862963057,0.0109999999999999,""
23,2,"regular","theta","WLS","default",TRUE,TRUE,0.0124573356145993,0.00800000000000001,""
24,2,"regular","theta","WLS","port_nls",TRUE,TRUE,0.0124573356146002,0.00700000000000001,""
25,3,"shared","delta","ULS","default",TRUE,TRUE,0.0182590869869435,0.00700000000000001,""
26,3,"shared","delta","ULS","port_nls",TRUE,TRUE,0.0182590869869436,0.00700000000000001,""
27,3,"shared","delta","DWLS","default",TRUE,TRUE,0.0153851365714437,0.0069999999999999,""
28,3,"shared","delta","DWLS","port_nls",TRUE,TRUE,0.0153851365714438,0.00700000000000001,""
29,3,"shared","delta","WLS","default",TRUE,TRUE,0.0179374626603886,0.00900000000000001,""
30,3,"shared","delta","WLS","port_nls",TRUE,TRUE,0.017937462660387,0.00700000000000001,""
31,3,"shared","theta","ULS","default",TRUE,TRUE,0.0182590869869435,0.00700000000000001,""
32,3,"shared","theta","ULS","port_nls",TRUE,TRUE,0.0182590869869435,0.00800000000000001,""
33,3,"shared","theta","DWLS","default",TRUE,TRUE,0.0153851365714438,0.00800000000000001,""
34,3,"shared","theta","DWLS","port_nls",TRUE,TRUE,0.0153851365714438,0.00500000000000012,""
35,3,"shared","theta","WLS","default",TRUE,TRUE,0.0179374626603887,0.00399999999999978,""
36,3,"shared","theta","WLS","port_nls",TRUE,TRUE,0.0179374626603904,0.004,""
37,4,"shared","delta","ULS","default",TRUE,TRUE,0.00664510186398197,0.004,""
38,4,"shared","delta","ULS","port_nls",TRUE,TRUE,0.00664510186398198,0.004,""
39,4,"shared","delta","DWLS","default",TRUE,TRUE,0.00546157303451581,0.004,""
40,4,"shared","delta","DWLS","port_nls",TRUE,TRUE,0.00546157303451611,0.00500000000000012,""
41,4,"shared","delta","WLS","default",TRUE,TRUE,0.00666808889840959,0.004,""
42,4,"shared","delta","WLS","port_nls",TRUE,TRUE,0.00666808889840802,0.00600000000000001,""
43,4,"shared","theta","ULS","default",TRUE,TRUE,0.00664510186398217,0.0069999999999999,""
44,4,"shared","theta","ULS","port_nls",TRUE,TRUE,0.00664510186398196,0.00800000000000001,""
45,4,"shared","theta","DWLS","default",TRUE,TRUE,0.00546157303451603,0.01,""
46,4,"shared","theta","DWLS","port_nls",TRUE,TRUE,0.00546157303451806,0.00500000000000012,""
47,4,"shared","theta","WLS","default",TRUE,TRUE,0.00666808889840809,0.00500000000000012,""
48,4,"shared","theta","WLS","port_nls",TRUE,TRUE,0.006668088898408,0.00500000000000012,""
49,5,"groups","delta","ULS","default",TRUE,TRUE,0.0139434128546307,0.00800000000000001,""
50,5,"groups","delta","ULS","port_nls",TRUE,TRUE,0.0139434128546523,0.0109999999999999,""
51,5,"groups","delta","DWLS","default",TRUE,TRUE,0.013221752919639,0.01,""
52,5,"groups","delta","DWLS","port_nls",TRUE,TRUE,0.0132217529196392,0.00800000000000001,""
53,5,"groups","delta","WLS","default",TRUE,TRUE,0.0154407401375897,0.00800000000000001,""
54,5,"groups","delta","WLS","port_nls",TRUE,TRUE,0.0154407401375472,0.00800000000000001,""
55,5,"groups","theta","ULS","default",TRUE,TRUE,0.0139434128546295,0.0109999999999999,""
56,5,"groups","theta","ULS","port_nls",TRUE,TRUE,0.0139434128546296,0.00800000000000001,""
57,5,"groups","theta","DWLS","default",TRUE,TRUE,0.0132217529196391,0.01,""
58,5,"groups","theta","DWLS","port_nls",TRUE,TRUE,0.0132217529196666,0.0109999999999999,""
59,5,"groups","theta","WLS","default",TRUE,TRUE,0.0154407401375335,0.00800000000000001,""
60,5,"groups","theta","WLS","port_nls",TRUE,TRUE,0.0154407401375365,0.00800000000000001,""
61,6,"groups","delta","ULS","default",TRUE,TRUE,0.000976688073981567,0.0089999999999999,""
62,6,"groups","delta","ULS","port_nls",TRUE,TRUE,0.000976688073963773,0.00800000000000001,""
63,6,"groups","delta","DWLS","default",TRUE,TRUE,0.000829239690122959,0.00700000000000012,""
64,6,"groups","delta","DWLS","port_nls",TRUE,TRUE,0.000829239690122421,0.0110000000000001,""
65,6,"groups","delta","WLS","default",TRUE,TRUE,0.00131586795003641,0.00700000000000012,""
66,6,"groups","delta","WLS","port_nls",TRUE,TRUE,0.00131586795003596,0.00900000000000012,""
67,6,"groups","theta","ULS","default",TRUE,TRUE,0.000976688073963902,0.0129999999999999,""
68,6,"groups","theta","ULS","port_nls",TRUE,TRUE,0.000976688073963767,0.00800000000000001,""
69,6,"groups","theta","DWLS","default",TRUE,TRUE,0.000829239690122493,0.00800000000000001,""
70,6,"groups","theta","DWLS","port_nls",TRUE,TRUE,0.000829239690122425,0.01,""
71,6,"groups","theta","WLS","default",TRUE,TRUE,0.00131586795003619,0.00800000000000001,""
72,6,"groups","theta","WLS","port_nls",TRUE,TRUE,0.00131586795003593,0.00800000000000001,""
73,7,"mixed","delta","DWLS","default",TRUE,TRUE,0.00834477428635301,0.004,""
74,7,"mixed","delta","DWLS","port_nls",TRUE,TRUE,0.00834477428635356,0.0659999999999998,""
75,7,"mixed","delta","WLS","default",TRUE,TRUE,0.0222420845403502,0.00499999999999989,""
76,7,"mixed","delta","WLS","port_nls",TRUE,TRUE,0.0222420845403502,0.00300000000000011,""
77,7,"mixed","theta","DWLS","default",TRUE,TRUE,0.00834477428635302,0.00299999999999967,""
78,7,"mixed","theta","DWLS","port_nls",TRUE,TRUE,0.00834477428635378,0.00300000000000011,""
79,7,"mixed","theta","WLS","default",TRUE,TRUE,0.0222420845403513,0.00300000000000011,""
80,7,"mixed","theta","WLS","port_nls",TRUE,TRUE,0.0222420845403515,0.00300000000000011,""
81,8,"mixed","delta","DWLS","default",TRUE,TRUE,0.000664187600166903,0.00299999999999967,""
82,8,"mixed","delta","DWLS","port_nls",TRUE,TRUE,0.000664187600166898,0.00299999999999967,""
83,8,"mixed","delta","WLS","default",TRUE,TRUE,0.00156769432102009,0.00300000000000011,""
84,8,"mixed","delta","WLS","port_nls",TRUE,TRUE,0.00156769432102056,0.00300000000000011,""
85,8,"mixed","theta","DWLS","default",TRUE,TRUE,0.000664187600166899,0.004,""
86,8,"mixed","theta","DWLS","port_nls",TRUE,TRUE,0.0006641876001669,0.00300000000000011,""
87,8,"mixed","theta","WLS","default",TRUE,TRUE,0.00156769432102008,0.004,""
88,8,"mixed","theta","WLS","port_nls",TRUE,TRUE,0.00156769432102009,0.00300000000000011,""
89,9,"sparse","delta","ULS","default",TRUE,TRUE,0.00344239121378999,0.004,""
90,9,"sparse","delta","ULS","port_nls",TRUE,TRUE,0.0034423912137901,0.004,""
91,9,"sparse","delta","DWLS","default",TRUE,TRUE,0.000572420864431541,0.004,""
92,9,"sparse","delta","DWLS","port_nls",TRUE,TRUE,0.00057242086443154,0.004,""
93,9,"sparse","delta","WLS","default",TRUE,TRUE,0.000657991100804673,0.004,""
94,9,"sparse","delta","WLS","port_nls",TRUE,TRUE,0.000657991100804615,0.004,""
95,9,"sparse","theta","ULS","default",TRUE,FALSE,0.00690788142859262,0.00500000000000034,""
96,9,"sparse","theta","ULS","port_nls",TRUE,FALSE,0.00673585816431497,0.0139999999999998,""
97,9,"sparse","theta","DWLS","default",TRUE,FALSE,0.00114524424497454,0.00499999999999989,""
98,9,"sparse","theta","DWLS","port_nls",TRUE,FALSE,0.00111300915263839,0.0129999999999999,""
99,9,"sparse","theta","WLS","default",TRUE,FALSE,0.00225305753690968,0.004,""
100,9,"sparse","theta","WLS","port_nls",TRUE,FALSE,0.00216730731664155,0.0109999999999997,""
101,10,"sparse","delta","ULS","default",TRUE,TRUE,0.0768241002365471,0.004,""
102,10,"sparse","delta","ULS","port_nls",TRUE,TRUE,0.0768241002370701,0.00300000000000011,""
103,10,"sparse","delta","DWLS","default",TRUE,TRUE,0.0112125861666133,0.00499999999999989,""
104,10,"sparse","delta","DWLS","port_nls",TRUE,TRUE,0.0112125861666127,0.00499999999999989,""
105,10,"sparse","delta","WLS","default",TRUE,TRUE,0.230455470422716,0.004,""
106,10,"sparse","delta","WLS","port_nls",TRUE,TRUE,0.0103253163391909,0.00499999999999989,""
107,10,"sparse","theta","ULS","default",TRUE,TRUE,0.0768241002365474,0.00499999999999989,""
108,10,"sparse","theta","ULS","port_nls",TRUE,TRUE,0.0768241002377057,0.00800000000000001,""
109,10,"sparse","theta","DWLS","default",TRUE,TRUE,0.0112125861666128,0.00700000000000012,""
110,10,"sparse","theta","DWLS","port_nls",TRUE,TRUE,0.0112125861666149,0.00800000000000001,""
111,10,"sparse","theta","WLS","default",TRUE,TRUE,0.230455470422716,0.004,""
112,10,"sparse","theta","WLS","port_nls",TRUE,TRUE,0.0103253163391909,0.00600000000000023,""
113,11,"extreme","delta","ULS","default",TRUE,TRUE,5.08074172394355e-05,0.004,""
114,11,"extreme","delta","ULS","port_nls",TRUE,TRUE,5.08074172394335e-05,0.004,""
115,11,"extreme","delta","DWLS","default",TRUE,TRUE,0.000814536183995743,0.004,""
116,11,"extreme","delta","DWLS","port_nls",TRUE,TRUE,0.000814536183995744,0.00800000000000001,""
117,11,"extreme","delta","WLS","default",TRUE,TRUE,0.002516688363473,0.00700000000000012,""
118,11,"extreme","delta","WLS","port_nls",TRUE,TRUE,0.00251668836347303,0.004,""
119,11,"extreme","theta","ULS","default",TRUE,TRUE,5.08074172394602e-05,0.00499999999999989,""
120,11,"extreme","theta","ULS","port_nls",TRUE,TRUE,5.08074172394338e-05,0.00499999999999989,""
121,11,"extreme","theta","DWLS","default",TRUE,TRUE,0.000814536183995814,0.004,""
122,11,"extreme","theta","DWLS","port_nls",TRUE,TRUE,0.000814536183995727,0.004,""
123,11,"extreme","theta","WLS","default",TRUE,TRUE,0.00251668836347304,0.00499999999999989,""
124,11,"extreme","theta","WLS","port_nls",TRUE,TRUE,0.002516688363473,0.004,""
125,12,"extreme","delta","ULS","default",TRUE,TRUE,6.21822406994378e-05,0.004,""
126,12,"extreme","delta","ULS","port_nls",TRUE,TRUE,6.21822406994386e-05,0.004,""
127,12,"extreme","delta","DWLS","default",TRUE,TRUE,0.00124096298697653,0.00700000000000012,""
128,12,"extreme","delta","DWLS","port_nls",TRUE,TRUE,0.00124096298697653,0.004,""
129,12,"extreme","delta","WLS","default",TRUE,TRUE,0.00359033752764725,0.004,""
130,12,"extreme","delta","WLS","port_nls",TRUE,TRUE,0.00359033752764733,0.00599999999999978,""
131,12,"extreme","theta","ULS","default",TRUE,TRUE,6.21822406998724e-05,0.00500000000000034,""
132,12,"extreme","theta","ULS","port_nls",TRUE,TRUE,6.2182240699438e-05,0.004,""
133,12,"extreme","theta","DWLS","default",TRUE,TRUE,0.00124096298697659,0.00499999999999989,""
134,12,"extreme","theta","DWLS","port_nls",TRUE,TRUE,0.00124096298697653,0.00499999999999989,""
135,12,"extreme","theta","WLS","default",TRUE,TRUE,0.00359033752764745,0.00500000000000034,""
136,12,"extreme","theta","WLS","port_nls",TRUE,TRUE,0.00359033752764736,0.004,""
137,13,"saddle","delta","ULS","default",TRUE,TRUE,0.000968294795003032,0.00499999999999989,""
138,13,"saddle","delta","ULS","port_nls",TRUE,TRUE,0.000968294795002969,0.00499999999999989,""
139,13,"saddle","delta","DWLS","default",TRUE,TRUE,0.000727905709563071,0.00399999999999956,""
140,13,"saddle","delta","DWLS","port_nls",TRUE,TRUE,0.000727905709562943,0.00499999999999989,""
141,13,"saddle","delta","WLS","default",TRUE,TRUE,0.00133624782622025,0.004,""
142,13,"saddle","delta","WLS","port_nls",TRUE,TRUE,0.0013362478262202,0.00599999999999978,""
143,13,"saddle","theta","ULS","default",TRUE,TRUE,0.000968294795003034,0.00800000000000001,""
144,13,"saddle","theta","ULS","port_nls",TRUE,TRUE,0.000968294795002968,0.004,""
145,13,"saddle","theta","DWLS","default",TRUE,TRUE,0.000727905709562949,0.004,""
146,13,"saddle","theta","DWLS","port_nls",TRUE,TRUE,0.000727905709562943,0.004,""
147,13,"saddle","theta","WLS","default",TRUE,TRUE,0.00133624782622062,0.00300000000000011,""
148,13,"saddle","theta","WLS","port_nls",TRUE,TRUE,0.0013362478262202,0.004,""
149,14,"saddle","delta","ULS","default",TRUE,TRUE,0.0013606602692989,0.004,""
150,14,"saddle","delta","ULS","port_nls",TRUE,TRUE,0.0013606602692989,0.00499999999999989,""
151,14,"saddle","delta","DWLS","default",TRUE,TRUE,0.0011160480083081,0.004,""
152,14,"saddle","delta","DWLS","port_nls",TRUE,TRUE,0.0011160480083081,0.004,""
153,14,"saddle","delta","WLS","default",TRUE,TRUE,0.0018995370236859,0.00500000000000034,""
154,14,"saddle","delta","WLS","port_nls",TRUE,TRUE,0.00189953702368589,0.00499999999999989,""
155,14,"saddle","theta","ULS","default",TRUE,TRUE,0.0013606602692989,0.004,""
156,14,"saddle","theta","ULS","port_nls",TRUE,TRUE,0.0013606602692989,0.004,""
157,14,"saddle","theta","DWLS","default",TRUE,TRUE,0.0011160480083081,0.004,""
158,14,"saddle","theta","DWLS","port_nls",TRUE,TRUE,0.0011160480083081,0.004,""
159,14,"saddle","theta","WLS","default",TRUE,TRUE,0.00189953702368986,0.004,""
160,14,"saddle","theta","WLS","port_nls",TRUE,TRUE,0.00189953702368589,0.004,""
